"","form","lemmata"
"ἅ","ἅ","ὁ;ὅς"
"ἀάπτους","ἀάπτους","ἄαπτος"
"ἄγαγε","ἄγαγε","ἄγω"
"ἀγαθός","ἀγαθός","ἀγαθός"
"ἀγαμέμνονα","ἀγαμέμνονα","ἀγαμέμνονα"
"ἀγαμέμνονι","ἀγαμέμνονι","ἀγαμέμνονι"
"ἀγαμέμνονος","ἀγαμέμνονος","ἀγαμέμνονος"
"ἀγαμέμνων","ἀγαμέμνων","ἀγαμέμνων"
"ἀγάννιφον","ἀγάννιφον","ἀγάννιφος"
"ἄγγελοι","ἄγγελοι","ἄγγελος"
"ἄγε","ἄγε","ἄγε;ἄγω"
"ἄγειν","ἄγειν","ἄγω"
"ἀγείρομεν","ἀγείρομεν","ἀγείρω"
"ἀγέμεν","ἀγέμεν","ἄγνυμι;ἄγω"
"ἀγέραστος","ἀγέραστος","ἀγέραστος"
"ἀγλά̓","ἀγλά̓","ἀγλά̓"
"ἀγλαὰ","ἀγλαὰ","ἀγλαός"
"ἄγοντες","ἄγοντες","ἄγω"
"ἀγόρευε","ἀγόρευε","ἀγορεύω"
"ἀγορεύειν","ἀγορεύειν","ἀγορεύω"
"ἀγορεύεις","ἀγορεύεις","ἀγορεύω"
"ἀγορεύω","ἀγορεύω","ἀγορεύω"
"ἀγορὴν","ἀγορὴν","ἀγορά"
"ἀγορήσατο","ἀγορήσατο","ἀγοράομαι"
"ἀγορητής","ἀγορητής","ἀγορητής"
"ἄγουσι","ἄγουσι","ἄγω"
"ἄγω","ἄγω","ἄγαμαι;ἄγω"
"ἄγων","ἄγων","ἄγω;ἀγάω"
"ἀδάκρυτος","ἀδάκρυτος","ἀδάκρυτος"
"ἄειδε","ἄειδε","ἀείδω"
"ἄειδον","ἄειδον","ἀείδω"
"ἀείδοντες","ἀείδοντες","ἀείδω"
"ἀεικέα","ἀεικέα","ἀεικής"
"ἀέκοντε","ἀέκοντε","ἀέκων"
"ἀέκοντος","ἀέκοντος","ἀέκων"
"ἀέκουσ̓","ἀέκουσ̓","ἀέκουσ̓"
"ἁζόμενοι","ἁζόμενοι","ἅζομαι"
"ἀθανάτοιο","ἀθανάτοιο","ἀθάνατος"
"ἀθανάτοισι","ἀθανάτοισι","ἀθάνατος"
"ἀθανάτοισιν","ἀθανάτοισιν","ἀθάνατος"
"ἀθέριζον","ἀθέριζον","ἀθερίζω"
"ἀθηναίην","ἀθηναίην","ἀθηναίην"
"ἀθηναίης","ἀθηναίης","ἀθηναίης"
"ἀθήνη","ἀθήνη","ἀθήνη"
"αἴ","αἴ","αἴ;εἰ"
"αἳ","αἳ","ὁ;ὅς"
"αἴαντος","αἴαντος","αἴαντος"
"αἴας","αἴας","αἶα"
"αἰγαίων̓","αἰγαίων̓","αἰγαίων̓"
"αἰγεΐδην","αἰγεΐδην","αἰγεΐδην"
"αἰγιόχοιο","αἰγιόχοιο","αἰγίοχος"
"αἰγλήεντος","αἰγλήεντος","αἰγλήεις"
"αἰγῶν","αἰγῶν","αἴξ"
"αἰδεῖσθαί","αἰδεῖσθαί","αἰδέομαι"
"ἄϊδι","ἄϊδι","ἄϊδι"
"αἰδομένω","αἰδομένω","αἰδέομαι"
"αἰεί","αἰεί","ἀεί"
"αἰεὶ","αἰεὶ","ἀεί"
"αἰὲν","αἰὲν","ἀεί"
"αἴθ̓","αἴθ̓","αἴθ̓"
"αἰθιοπῆας","αἰθιοπῆας","αἰθιοπῆας"
"αἴθοπα","αἴθοπα","αἶθοψ"
"αἷμα","αἷμα","αἷμα"
"αἰνὰ","αἰνὰ","αἰνός"
"αἰνότατε","αἰνότατε","αἰνός"
"αἰνῶς","αἰνῶς","αἰνός"
"αἶσα","αἶσα","αἶσα"
"αἴσῃ","αἴσῃ","αἶσα;αἶσις"
"αἴτιοί","αἴτιοί","αἴτιος"
"αἰχμητάων","αἰχμητάων","αἰχμητής"
"αἰχμητὴν","αἰχμητὴν","αἰχμητής"
"αἶψα","αἶψα","αἶψα"
"αἶψά","αἶψά","αἶψα"
"ἀκέουσα","ἀκέουσα","ἀκέω;ἀκέων"
"ἀκέων","ἀκέων","ἄκος;ἀκέω;ἀκέων;ἀκή"
"ἀκουέμεν","ἀκουέμεν","ἀκούω"
"ἄκουσα","ἄκουσα","ἀέκων;ἀκούω"
"ἀκούων","ἀκούων","ἀκούω"
"ἀκροτάτῃ","ἀκροτάτῃ","ἄκρος"
"ἅλα","ἅλα","ἅλς"
"ἄλγἐ","ἄλγἐ","ἄλγἐ"
"ἄλγεα","ἄλγεα","ἄλγος"
"ἀλεγίζεις","ἀλεγίζεις","ἀλεγίζω"
"ἀλεγίζω","ἀλεγίζω","ἀλεγίζω"
"ἀλεξέμεναι","ἀλεξέμεναι","ἀλέξω"
"ἁλίοιο","ἁλίοιο","ἅλιος;ἅλλομαι;ἥλιος"
"ἀλλ̓","ἀλλ̓","ἀλλ̓"
"ἀλλά","ἀλλά","ἀλλά"
"ἀλλὰ","ἀλλὰ","ἀλλά"
"ἄλλῃ","ἄλλῃ","ἄλλῃ;ἄλλος"
"ἄλλο","ἄλλο","ἄλλος"
"ἄλλοι","ἄλλοι","ἄλλος"
"ἄλλοις","ἄλλοις","ἄλλος"
"ἄλλοισι","ἄλλοισι","ἄλλος"
"ἄλλοισιν","ἄλλοισιν","ἄλλος"
"ἄλλος","ἄλλος","ἄλλος"
"ἄλλοτ̓","ἄλλοτ̓","ἄλλοτ̓"
"ἄλλους","ἄλλους","ἄλλος"
"ἄλλῳ","ἄλλῳ","ἄλλος"
"ἄλλων","ἄλλων","ἄλλος"
"ἁλὸς","ἁλὸς","ἅλς"
"ἀλόχου","ἀλόχου","ἄλοχος"
"ἀλόχῳ","ἀλόχῳ","ἄλοχος"
"ἆλτο","ἆλτο","ἅλλομαι"
"ἅμ̓","ἅμ̓","ἅμ̓"
"ἅμα","ἅμα","ἅμα"
"ἀμβρόσιαι","ἀμβρόσιαι","ἀμβρόσιος;ἀμβροσία"
"ἀμειβόμεναι","ἀμειβόμεναι","ἀμείβω"
"ἄμεινον","ἄμεινον","ἀμείνων"
"ἀμείνων","ἀμείνων","ἀμείνων"
"ἄμμε","ἄμμε","ἁμός;ἄμμος;ἐγώ"
"ἄμμι","ἄμμι","ἐγώ"
"ἀμύμονας","ἀμύμονας","ἀμύμων"
"ἀμύμων","ἀμύμων","ἄμυμος;ἀμύμων"
"ἀμῦναι","ἀμῦναι","ἀμύνω"
"ἄμυνον","ἄμυνον","ἀμύνω"
"ἀμύξεις","ἀμύξεις","ἄμυξις;ἀμύσσω"
"ἀμφ̓","ἀμφ̓","ἀμφ̓"
"ἀμφηρεφέα","ἀμφηρεφέα","ἀμφηρεφής"
"ἀμφὶ","ἀμφὶ","ἀμφί"
"ἀμφιβέβηκας","ἀμφιβέβηκας","ἀμφιβαίνω"
"ἀμφιγυήεις","ἀμφιγυήεις","ἀμφιγύεις"
"ἀμφικύπελλον","ἀμφικύπελλον","ἀμφικύπελλος"
"ἀμφιμέλαιναι","ἀμφιμέλαιναι","ἀμφιμέλας"
"ἄμφω","ἄμφω","ἄμφω"
"ἄν","ἄν","ἄν;ἀνά;ἐάν"
"ἂν","ἂν","ἄν;ἀνά;ἐάν"
"ἀνά","ἀνά","ἀνά"
"ἀνὰ","ἀνὰ","ἀνά"
"ἀναβάντες","ἀναβάντες","ἀναβαίνω"
"ἀναβάς","ἀναβάς","ἀναβαίνω"
"ἀνάγοντο","ἀνάγοντο","ἀνάγω"
"ἀναθηλήσει","ἀναθηλήσει","ἀναθηλέω"
"ἀναιδείην","ἀναιδείην","ἀναίδεια"
"ἀναιδὲς","ἀναιδὲς","ἀναιδής"
"ἀναΐξας","ἀναΐξας","ἀνᾴσσω;ἀναίσσω"
"ἄνακτα","ἄνακτα","ἄναξ"
"ἄνακτι","ἄνακτι","ἄναξ"
"ἄνακτος","ἄνακτος","ἄναξ"
"ἄναξ","ἄναξ","ἄναξ"
"ἀνάποινον","ἀνάποινον","ἀνάποινος"
"ἄνασσε","ἄνασσε","ἀνάσσω;ἀνάζω"
"ἀνάσσει","ἀνάσσει","ἀνάσσω;ἀνάζω"
"ἀνάσσειν","ἀνάσσειν","ἀνάσσω;ἀνάζω"
"ἀνάσσεις","ἀνάσσεις","ἀνάσσω;ἀνάζω"
"ἄνασσεν","ἄνασσεν","ἀνάσσω;ἀνάζω"
"ἀναστὰς","ἀναστὰς","ἀνίστημι"
"ἀναστήσειεν","ἀναστήσειεν","ἀνίστημι"
"ἀνάσχεο","ἀνάσχεο","ἀνέχω"
"ἀνασχών","ἀνασχών","ἀνέχω"
"ἀναφαίνεις","ἀναφαίνεις","ἀναφαίνω"
"ἄνδρα","ἄνδρα","ἀνήρ"
"ἀνδράσιν","ἀνδράσιν","ἀνήρ"
"ἄνδρες","ἄνδρες","ἀνήρ"
"ἀνδρὶ","ἀνδρὶ","ἀνδρίς;ἀνήρ"
"ἀνδροφόνοιο","ἀνδροφόνοιο","ἀνδροφόνος"
"ἀνδρῶν","ἀνδρῶν","ἀνδρόω;ἀνήρ"
"ἀνέβη","ἀνέβη","ἀναβαίνω"
"ἀνέδυ","ἀνέδυ","ἀναδύνω"
"ἀνεδύσετο","ἀνεδύσετο","ἀναδύνω"
"ἀνεκτά","ἀνεκτά","ἀνεκτός"
"ἀνέλοντο","ἀνέλοντο","ἀναιρέω"
"ἀνελὼν","ἀνελὼν","ἀναιρέω"
"ἄνεμος","ἄνεμος","ἄνεμος"
"ἀνέρας","ἀνέρας","ἀνήρ"
"ἀνέσταν","ἀνέσταν","ἀνίστημι"
"ἀνέστη","ἀνέστη","ἀνίστημι"
"ἀνὴρ","ἀνὴρ","ἀνήρ"
"ἀνθερεῶνος","ἀνθερεῶνος","ἀνθερεών"
"ἀνθρώπων","ἀνθρώπων","ἄνθρωπος"
"ἀνιστάμενος","ἀνιστάμενος","ἀνίστημι"
"ἀνόρουσε","ἀνόρουσε","ἀνορούω"
"ἀνστήτην","ἀνστήτην","ἀνίστημι"
"ἀντάξιον","ἀντάξιον","ἀντάξιος"
"ἄντην","ἄντην","ἄντη;ἄντην;ἀντάω"
"ἀντιάσας","ἀντιάσας","ἀντιάω;ἀντιάζω"
"ἀντιβίην","ἀντιβίην","ἀντίβιος;ἀντιβίην"
"ἀντιβίοισι","ἀντιβίοισι","ἀντίβιος"
"ἀντίθεον","ἀντίθεον","ἀνατίθημι;ἀντίθεος;ἀντιθέω"
"ἀντίοι","ἀντίοι","ἀντάω;ἀντίος"
"ἀντίον","ἀντίον","ἀντάω;ἀντίον;ἀντίος"
"ἀντιόωσαν","ἀντιόωσαν","ἀντιάω;ἀντιάζω"
"ἀντιφέρεσθαι","ἀντιφέρεσθαι","ἀντιφέρω"
"ἄνωγεν","ἄνωγεν","ἄνωαξ;ἄνωγα"
"ἄξω","ἄξω","ἄξος;ἄγνυμι;ἄγω"
"ἀπ̓","ἀπ̓","ἀπ̓"
"ἀπαμειβόμενος","ἀπαμειβόμενος","ἀπαμείβομαι"
"ἀπάνευθε","ἀπάνευθε","ἀπάνευθε"
"ἅπαντες","ἅπαντες","ἅπας"
"ἀπατηλὸν","ἀπατηλὸν","ἀπατηλός"
"ἀπεβήσετο","ἀπεβήσετο","ἀποβαίνω"
"ἀπεδέξατ̓","ἀπεδέξατ̓","ἀπεδέξατ̓"
"ἀπειλεῖς","ἀπειλεῖς","ἀπειλέω"
"ἀπειλήσω","ἀπειλήσω","ἀπειλέω"
"ἀπείρονα","ἀπείρονα","ἀπείρων"
"ἀπελυμαίνοντο","ἀπελυμαίνοντο","ἀπολυμαίνομαι"
"ἀπέλυσε","ἀπέλυσε","ἀπολύω"
"ἀπερείσἰ","ἀπερείσἰ","ἀπερείσἰ"
"ἀπήμων","ἀπήμων","ἀπήμων"
"ἀπηνέος","ἀπηνέος","ἀπηνής"
"ἀπηύρων","ἀπηύρων","ἀπαυράω"
"ἀπίης","ἀπίης","ἄπιος;ἀφίημι"
"ἀπίθησε","ἀπίθησε","ἀπιθέω"
"ἀπὸ","ἀπὸ","ἀπό"
"ἀποαιρεῖσθαι","ἀποαιρεῖσθαι","ἀφαιρέω;ἀποαιρέομαι"
"ἀποαίρεο","ἀποαίρεο","ἀπαίρω"
"ἀποδοῦναι","ἀποδοῦναι","ἀποδίδωμι"
"ἀπόειπ̓","ἀπόειπ̓","ἀπόειπ̓"
"ἄποινα","ἄποινα","ἄποινα;ἄποινος"
"ἀπολέσθαι","ἀπολέσθαι","ἀπόλλυμι"
"ἀπόλεσσαν","ἀπόλεσσαν","ἀπόλλυμι"
"ἀπόλλων","ἀπόλλων","ἀπό-λάω"
"ἀπόλλωνα","ἀπόλλωνα","ἀπόλλωνα"
"ἀπόλλωνι","ἀπόλλωνι","ἀπόλλωνι"
"ἀπόλλωνος","ἀπόλλωνος","ἀπόλλωνος"
"ἀπολυμαίνεσθαι","ἀπολυμαίνεσθαι","ἀπολυμαίνομαι"
"ἀπονοστήσειν","ἀπονοστήσειν","ἀπονοστέω"
"ἀποπαύεο","ἀποπαύεο","ἀποπαύω"
"ἀπόστιχε","ἀπόστιχε","ἀποστείχω;ἀποστίζω"
"ἀποτείσομεν","ἀποτείσομεν","ἀποτίνω"
"ἀπούρας","ἀπούρας","ἀπαυράω"
"ἀπριάτην","ἀπριάτην","ἀπρίατος;ἀπριάτην"
"ἀπώσει","ἀπώσει","ἄπωσις;ἀπωθέω"
"ἄρ","ἄρ","ἄρα"
"ἄῤ","ἄῤ","ἄῤ"
"ἂρ","ἂρ","ἄρα"
"ἄρα","ἄρα","ἄρα;ἄρον;ἄρος;ἀράω"
"ἀργαλέος","ἀργαλέος","ἀργαλέος"
"ἄργεϊ","ἄργεϊ","ἀργέω"
"ἀργείοισι","ἀργείοισι","ἀργείοισι"
"ἀργείων","ἀργείων","ἀργείων"
"ἀργούς","ἀργούς","ἀργός"
"ἀργυρέῃ","ἀργυρέῃ","ἀργύρεος"
"ἀργυρέοιο","ἀργυρέοιο","ἀργύρεος"
"ἀργυρόπεζα","ἀργυρόπεζα","ἀργυρόπεζα;ἀργυρόπεζος"
"ἀργυρότοξ̓","ἀργυρότοξ̓","ἀργυρότοξ̓"
"ἀρείοσιν","ἀρείοσιν","ἀρείων"
"ἀρήγειν","ἀρήγειν","ἀρήγω"
"ἀρῆξαι","ἀρῆξαι","ἀρήγω"
"ἀρήξειν","ἀρήξειν","ἀρήγω"
"ἀρητῆρα","ἀρητῆρα","ἀρητήρ"
"ἀρητῆρος","ἀρητῆρος","ἀρητήρ"
"ἀριστήεσσιν","ἀριστήεσσιν","ἀριστεύς"
"ἄριστον","ἄριστον","ἄριστον;ἄριστος"
"ἄριστος","ἄριστος","ἄριστος"
"ἀρνύμενοι","ἀρνύμενοι","ἄρνυμαι"
"ἀρνῶν","ἀρνῶν","ἀρνός"
"ἄρσαντες","ἄρσαντες","ἄρδω;ἀραρίσκω"
"ἀρχὸς","ἀρχὸς","ἀρχός"
"ἄσβεστος","ἄσβεστος","ἄσβεστος"
"ἅσσ̓","ἅσσ̓","ἅσσ̓"
"ἆσσον","ἆσσον","ἆσσον"
"ἀστεροπητής","ἀστεροπητής","ἀστεροπητής"
"ἀστεροπητὴς","ἀστεροπητὴς","ἀστεροπητής"
"ἀτάρ","ἀτάρ","ἀτάρ"
"ἀτὰρ","ἀτὰρ","ἀτάρ"
"ἀταρτηροῖς","ἀταρτηροῖς","ἀταρτηρός"
"ἀτελεύτητον","ἀτελεύτητον","ἀτελεύτητος"
"ἄτερ","ἄτερ","ἄτερ"
"ἄτην","ἄτην","ἄτη"
"ἄτιμος","ἄτιμος","ἄτιμος"
"ἀτιμοτάτη","ἀτιμοτάτη","ἄτιμος"
"ἀτρεΐδα","ἀτρεΐδα","ἀτρεΐδα"
"ἀτρεΐδαι","ἀτρεΐδαι","ἀτρεΐδαι"
"ἀτρεΐδαο","ἀτρεΐδαο","ἀτρεΐδαο"
"ἀτρεΐδη","ἀτρεΐδη","ἀτρεΐδη"
"ἀτρεΐδῃ","ἀτρεΐδῃ","ἀτρεΐδῃ"
"ἀτρεΐδην","ἀτρεΐδην","ἀτρεΐδην"
"ἀτρεΐδης","ἀτρεΐδης","ἀτρεΐδης"
"ἀτρεΐωνα","ἀτρεΐωνα","ἀτρεΐωνα"
"ἀτρυγέτοιο","ἀτρυγέτοιο","ἀτρύγετος"
"αὖ","αὖ","αὗ;αὖ"
"αὐδή","αὐδή","αὐδή"
"αὐέρυσαν","αὐέρυσαν","αὐερύω"
"αὖθ̓","αὖθ̓","αὖθ̓"
"αὖθι","αὖθι","αὖθι"
"αὖτ̓","αὖτ̓","αὖτ̓"
"αὐτὰρ","αὐτὰρ","ἀτάρ"
"αὖτε","αὖτε","αὖτε"
"αὖτέ","αὖτέ","αὖτε"
"αὐτὴ","αὐτὴ","αὐτός"
"αὐτῇ","αὐτῇ","αὐτός"
"αὐτῆμαρ","αὐτῆμαρ","αὐτῆμαρ"
"αὐτὴν","αὐτὴν","αὐτός"
"ἀϋτήν","ἀϋτήν","ἀυτή"
"αὐτίκ̓","αὐτίκ̓","αὐτίκ̓"
"αὐτίκα","αὐτίκα","αὐτίκα"
"αὖτις","αὖτις","αὖθις"
"αὐτίχ̓","αὐτίχ̓","αὐτίχ̓"
"αὐτοί","αὐτοί","αὐτός"
"αὐτοὶ","αὐτοὶ","αὐτός"
"αὐτοῖο","αὐτοῖο","αὐτός"
"αὐτοῖσι","αὐτοῖσι","αὐτός"
"αὐτὸν","αὐτὸν","αὐτός"
"αὐτός","αὐτός","αὐτός"
"αὐτὸς","αὐτὸς","αὐτός"
"αὐτοῦ","αὐτοῦ","αὐτός;αὐτοῦ"
"αὐτοὺς","αὐτοὺς","αὐτός"
"αὐτὼ","αὐτὼ","αὐτός"
"αὐτῶν","αὐτῶν","αὐτός"
"αὔτως","αὔτως","αὔτως"
"ἀφαιρεῖται","ἀφαιρεῖται","ἀφαιρέω"
"ἀφαιρήσεσθαι","ἀφαιρήσεσθαι","ἀφαιρέω"
"ἄφαρ","ἄφαρ","ἄφαρ"
"ἀφέλεσθέ","ἀφέλεσθέ","ἀφαιρέω"
"ἄφενος","ἄφενος","ἄφενος"
"ἀφίει","ἀφίει","ἀφίημι"
"ἀφύξειν","ἀφύξειν","ἀφύσσω"
"ἀφύσσων","ἀφύσσων","ἀφύσσω"
"ἀχαιΐδα","ἀχαιΐδα","ἀχαιΐδα"
"ἀχαιοί","ἀχαιοί","ἀχαιοί"
"ἀχαιοὶ","ἀχαιοὶ","ἀχαιοὶ"
"ἀχαιοῖς","ἀχαιοῖς","ἀχαιοῖς"
"ἀχαιοῖσιν","ἀχαιοῖσιν","ἀχαιοῖσιν"
"ἀχαιούς","ἀχαιούς","ἀχαιούς"
"ἀχαιοὺς","ἀχαιοὺς","ἀχαιοὺς"
"ἀχαιῶν","ἀχαιῶν","ἀχαιά"
"ἀχιλεῦ","ἀχιλεῦ","ἀχιλεῦ"
"ἀχιλεύς","ἀχιλεύς","ἀχιλεύς"
"ἀχιλῆα","ἀχιλῆα","ἀχιλῆα"
"ἀχιλῆϊ","ἀχιλῆϊ","ἀχιλῆϊ"
"ἀχιλῆος","ἀχιλῆος","ἀχιλῆος"
"ἀχιλλεῦ","ἀχιλλεῦ","ἀχιλλεῦ"
"ἀχιλλεύς","ἀχιλλεύς","ἀχιλλεύς"
"ἀχιλλεὺς","ἀχιλλεὺς","ἀχιλλεὺς"
"ἀχιλλῆϊ","ἀχιλλῆϊ","ἀχιλλῆϊ"
"ἀχιλλῆος","ἀχιλλῆος","ἀχιλλῆος"
"ἀχνύμενος","ἀχνύμενος","ἀχεύω"
"ἀχνύμενός","ἀχνύμενός","ἀχεύω"
"ἄχος","ἄχος","ἄχος"
"ἂψ","ἂψ","ἄψ"
"βαθεῖαν","βαθεῖαν","βαθύς"
"βαῖνον","βαῖνον","βαίνω"
"βάλε","βάλε","βάλλω"
"βάλλ̓","βάλλ̓","βάλλ̓"
"βάλλεο","βάλλεο","βάλλω"
"βάλλον","βάλλον","βάλλω"
"βαρεῖαν","βαρεῖαν","βαρύς"
"βαρείας","βαρείας","βαρύς"
"βαρὺ","βαρὺ","βαρύς"
"βασιλεύς","βασιλεύς","βασιλεύς"
"βασιλεὺς","βασιλεὺς","βασιλεύς"
"βασιλῆα","βασιλῆα","βασιλεύς"
"βασιλῆϊ","βασιλῆϊ","βασιλεύς"
"βασιλῆος","βασιλῆος","βασιλεύς"
"βασιλήων","βασιλήων","βασιλεύς"
"βάτην","βάτην","βάτης;βαίνω"
"βεβήκει","βεβήκει","βαίνω"
"βέλεσσιν","βέλεσσιν","βέλος"
"βέλος","βέλος","βέλος"
"βένθεσσιν","βένθεσσιν","βένθος"
"βῆ","βῆ","βαίνω;βῆ"
"βηλοῦ","βηλοῦ","βηλός"
"βῆσαν","βῆσαν","βαίνω"
"βῆσε","βῆσε","βαίνω"
"βήσομεν","βήσομεν","βαίνω"
"βίῃ","βίῃ","βία;βιόω"
"βίην","βίην","βία;βιάω"
"βιοῖο","βιοῖο","βιάω;βιός;βιόω"
"βουλάς","βουλάς","βουλή"
"βουλὰς","βουλὰς","βουλή"
"βούλεται","βούλεται","βούλομαι"
"βουλεύσαντε","βουλεύσαντε","βουλεύω"
"βουλέων","βουλέων","βουλεύς;βουλή"
"βουλή","βουλή","βουλή"
"βουλὴν","βουλὴν","βουλή"
"βουληφόρος","βουληφόρος","βουληφόρος"
"βούλομ̓","βούλομ̓","βούλομ̓"
"βούλομαι","βούλομαι","βούλομαι"
"βοῦς","βοῦς","βοῦς"
"βοῶπις","βοῶπις","βοῶπις"
"βριάρεων","βριάρεων","βριάρεων"
"βρισηΐδα","βρισηΐδα","βρισηΐδα"
"βρισηΐδος","βρισηΐδος","βρισηΐδος"
"βρισῆος","βρισῆος","βρισῆος"
"βροτοί","βροτοί","βροτόομαι;βροτός"
"βωμόν","βωμόν","βωμός"
"βωμὸν","βωμὸν","βωμός"
"βωτιανείρῃ","βωτιανείρῃ","βωτιάνειρα"
"γ̓","γ̓","γ̓"
"γαῖαν","γαῖαν","γαῖα"
"γαίῃ","γαίῃ","γαῖα"
"γαίης","γαίης","γαῖα"
"γαίων","γαίων","γάιος;γαίω;γαιόω"
"γάρ","γάρ","γάρ"
"γὰρ","γὰρ","γάρ"
"γε","γε","γε"
"γείνατο","γείνατο","γείνομαι"
"γέλως","γέλως","γέλως"
"γενεαὶ","γενεαὶ","γενεά"
"γένετ̓","γένετ̓","γένετ̓"
"γένηται","γένηται","γίγνομαι"
"γένοντο","γένοντο","γίγνομαι"
"γεραιὸς","γεραιὸς","γεραιός"
"γέρας","γέρας","γέρας"
"γέρον","γέρον","γέρων"
"γέροντι","γέροντι","γέρων"
"γέροντος","γέροντος","γέρων"
"γέρων","γέρων","γέρων"
"γηθήσαι","γηθήσαι","γηθέω"
"γήθησεν","γήθησεν","γηθέω"
"γῆρας","γῆρας","γῆρας"
"γλαυκῶπις","γλαυκῶπις","γλαυκῶπις"
"γλυκίων","γλυκίων","γλύκιος;γλυκύς"
"γλυκὺ","γλυκὺ","γλυκύς"
"γλυκὺς","γλυκὺς","γλυκύς"
"γλώσσης","γλώσσης","γλῶσσα"
"γνῷ","γνῷ","γιγνώσκω"
"γνώωσι","γνώωσι","γιγνώσκω"
"γουνάσομαι","γουνάσομαι","γουνάζομαι"
"γούνων","γούνων","γόνυ"
"γυναικὸς","γυναικὸς","γυνή"
"γυνὴ","γυνὴ","γυνή"
"δ̓","δ̓","δ̓"
"δαίμονας","δαίμονας","δαίμων"
"δαιμονίη","δαιμονίη","δαιμόνιος;δαιμονιάω"
"δαίνυντ̓","δαίνυντ̓","δαίνυντ̓"
"δαῖτα","δαῖτα","δαίς;δαίτης"
"δαιτὸς","δαιτὸς","δαίς"
"δάκρυ","δάκρυ","δάκρυον"
"δάκρυα","δάκρυα","δάκρυον"
"δακρύσας","δακρύσας","δακρύω"
"δαμᾷ","δαμᾷ","δαμάω;δαμάζω"
"δαναοὶ","δαναοὶ","δαναοὶ"
"δαναοῖσι","δαναοῖσι","δαναοῖσι"
"δαναοῖσιν","δαναοῖσιν","δαναοῖσιν"
"δαναῶν","δαναῶν","δαναῶν"
"δασμὸς","δασμὸς","δασμός"
"δάσσαντο","δάσσαντο","δατέομαι"
"δέ","δέ","δέ"
"δὲ","δὲ","δέ"
"δέδασται","δέδασται","δατέομαι"
"δείδοικα","δείδοικα","δείδω"
"δειλός","δειλός","δειλός"
"δεινὴ","δεινὴ","δεινός"
"δεινὼ","δεινὼ","δεινός"
"δεκάτῃ","δεκάτῃ","δέκατος;δεκάτη"
"δέμας","δέμας","δέμας"
"δέξασθαι","δέξασθαι","δέχομαι;δείκνυμι"
"δέξατο","δέξατο","δέχομαι;δείκνυμι"
"δεξιτερῇ","δεξιτερῇ","δεξιτερός"
"δέος","δέος","δέος"
"δεπάεσσιν","δεπάεσσιν","δέπας"
"δέπας","δέπας","δέπας"
"δερκομένοιο","δερκομένοιο","δέρκομαι"
"δεσμῶν","δεσμῶν","δέσμη;δεσμέω;δεσμεύω;δεσμός;δσμεύω"
"δευόμενον","δευόμενον","δέω;δεύομαι;δεύω"
"δεῦρο","δεῦρο","δεῦρο"
"δεύτερον","δεύτερον","δεύτερος"
"δέχεσθαι","δέχεσθαι","δέχομαι"
"δέχθαι","δέχθαι","δέχομαι"
"δή","δή","δή"
"δὴ","δὴ","δή"
"δηθύνοντ̓","δηθύνοντ̓","δηθύνοντ̓"
"δημοβόρος","δημοβόρος","δημοβόρος"
"δήν","δήν","δήν"
"δὴν","δὴν","δήν"
"διὰ","διὰ","διά"
"δία","δία","δῖος"
"δῖαν","δῖαν","δῖος"
"διάνδιχα","διάνδιχα","διάνδιχα"
"διαπρήσσουσα","διαπρήσσουσα","διαπράσσω"
"διαστήτην","διαστήτην","διίστημι"
"διείρεο","διείρεο","διείρομαι;διείρω"
"διέπουσ̓","διέπουσ̓","διέπουσ̓"
"διεπράθομέν","διεπράθομέν","διαπέρθω"
"διέτμαγεν","διέτμαγεν","διατμήγω"
"διί","διί","διί"
"διὶ","διὶ","διὶ"
"διῒ","διῒ","διῒ"
"δικαζέμεν","δικαζέμεν","δικάζω"
"δικασπόλοι","δικασπόλοι","δικασπόλος"
"διογενὲς","διογενὲς","διογενής"
"διογενὴς","διογενὴς","διογενής"
"διός","διός","διός"
"διὸς","διὸς","διὸς"
"δῖος","δῖος","δῖος"
"διοτρεφέων","διοτρεφέων","διοτρεφής"
"δίπτυχα","δίπτυχα","δίπτυχος"
"δοῖεν","δοῖεν","δίδωμι"
"δολομῆτα","δολομῆτα","δολομήτης"
"δόμεναι","δόμεναι","δίδωμι"
"δόντες","δόντες","δίδωμι"
"δὸς","δὸς","δίδωμι"
"δόσαν","δόσαν","δίδωμι"
"δουρί","δουρί","δόρυ"
"δρύαντά","δρύαντά","δρύαντά"
"δύνασαί","δύνασαί","δύναμαι;δύω"
"δυνήσεαι","δυνήσεαι","δύναμαι"
"δυνήσομαι","δυνήσομαι","δύναμαι"
"δύο","δύο","δύο"
"δύω","δύω","δύο;δύω"
"δυωδεκάτη","δυωδεκάτη","δωδέκατος"
"δῶ","δῶ","δίδωμι;δῶμα"
"δωδεκάτῃ","δωδεκάτῃ","δωδέκατος"
"δώῃσιν","δώῃσιν","δίδωμι"
"δῶκε","δῶκε","δίδωμι"
"δῶμα","δῶμα","δῶμα"
"δώματ̓","δώματ̓","δώματ̓"
"δώματα","δώματα","δῶμα"
"δῶῤ","δῶῤ","δῶῤ"
"δῶρα","δῶρα","δῶρον"
"δώσει","δώσει","δίδωμι"
"δῷσι","δῷσι","δίδωμι"
"δώσουσι","δώσουσι","δίδωμι;δώσων"
"δώωσιν","δώωσιν","δίδωμι"
"ἑ","ἑ","ἕ"
"ἔα","ἔα","ἔα;ἐάω;εἰμί"
"ἔβαλον","ἔβαλον","βάλλω"
"ἔβαν","ἔβαν","βαίνω"
"ἔβη","ἔβη","βαίνω"
"ἐγγυαλίξαι","ἐγγυαλίξαι","ἐγγυαλίζω"
"ἐγένοντο","ἐγένοντο","γίγνομαι"
"ἔγνω","ἔγνω","γιγνώσκω"
"ἐγώ","ἐγώ","ἐγώ"
"ἐγὼ","ἐγὼ","ἐγώ"
"ἔγωγ̓","ἔγωγ̓","ἔγωγ̓"
"ἔγωγε","ἔγωγε","ἐγώ"
"ἐγὼν","ἐγὼν","ἐγώ"
"ἔδειραν","ἔδειραν","δέρω"
"ἔδεισεν","ἔδεισεν","δείδω"
"ἐδέξατο","ἐδέξατο","δέχομαι;δείκνυμι"
"ἐδεύετο","ἐδεύετο","δέω;δεύομαι;δεύω"
"ἑδέων","ἑδέων","ἕδος"
"ἐδηλήσαντ̓","ἐδηλήσαντ̓","ἐδηλήσαντ̓"
"ἔδησαν","ἔδησαν","δέω"
"ἐδητύος","ἐδητύος","ἐδητύς"
"ἔδωκεν","ἔδωκεν","δίδωμι"
"ἐείκοσιν","ἐείκοσιν","εἴκοσι"
"ἔειπες","ἔειπες","εἶπον"
"ἐέλδωρ","ἐέλδωρ","ἔλδωρ"
"ἕζετ̓","ἕζετ̓","ἕζετ̓"
"ἕζετο","ἕζετο","ἕζομαι"
"ἕηκε","ἕηκε","ἵημι"
"ἑῆος","ἑῆος","ἐύς"
"ἔθεεν","ἔθεεν","ἔθω;θέω"
"ἔθελ̓","ἔθελ̓","ἔθελ̓"
"ἐθέλει","ἐθέλει","ἐθέλω"
"ἐθέλεις","ἐθέλεις","ἐθέλω"
"ἐθέλῃσθα","ἐθέλῃσθα","ἐθέλω"
"ἐθέλῃσιν","ἐθέλῃσιν","ἐθέλω"
"ἔθελον","ἔθελον","ἐθέλω"
"ἐθέλω","ἐθέλω","ἐθέλω"
"ἐθέλωμι","ἐθέλωμι","ἐθέλω"
"ἑθέν","ἑθέν","ἕ;ἵημι"
"ἔθεσαν","ἔθεσαν","τίθημι"
"ἔθηκε","ἔθηκε","τίθημι"
"εἰ","εἰ","εἰ"
"εἴ","εἴ","εἰ"
"εἴδεται","εἴδεται","εἴδομαι"
"εἰδέω","εἰδέω","οἶδα"
"εἰδῇς","εἰδῇς","οἶδα"
"εἰδήσειν","εἰδήσειν","εἶδον;οἶδα"
"εἴδομεν","εἴδομεν","εἶδον;οἶδα"
"εἰδὼς","εἰδὼς","εἰδοί;οἶδα"
"ἐΐκτην","ἐΐκτην","ἔοικα"
"εἰλήλουθας","εἰλήλουθας","ἔρχομαι"
"εἶμ̓","εἶμ̓","εἶμ̓"
"εἰμι","εἰμι","εἰμί"
"εἶμι","εἶμι","εἶμι"
"εἶναι","εἶναι","εἰμί"
"εἵνεκ̓","εἵνεκ̓","εἵνεκ̓"
"εἵνεκα","εἵνεκα","ἕνεκα"
"εἶπας","εἶπας","εἶπον"
"εἰπὲ","εἰπὲ","εἶπον"
"εἰπεῖν","εἰπεῖν","εἶπον"
"εἴπῃ","εἴπῃ","εἶπον"
"εἴπῃς","εἴπῃς","εἶπον"
"εἴποι","εἴποι","εἶπον"
"εἰπὼν","εἰπὼν","εἶπον"
"εἴρετο","εἴρετο","ἔρομαι;εἴρω"
"εἴρομαι","εἴρομαι","ἔρομαι;εἴρω"
"εἰρύαται","εἰρύαται","ἐρύω"
"εἰρύσσασθαι","εἰρύσσασθαι","ἐρύω"
"εἰς","εἰς","εἰς"
"εἰσ̓","εἰσ̓","εἰσ̓"
"εἷς","εἷς","εἷς"
"ἐΐσας","ἐΐσας","ἔισος;ἴσος"
"εἷσεν","εἷσεν","ἕζομαι;ἵζω"
"εἴσεται","εἴσεται","εἶμι;οἶδα"
"ἐΐσης","ἐΐσης","ἔισος;ἴσος"
"εἰσιν","εἰσιν","εἰμί"
"εἴσω","εἴσω","εἴδομαι;εἴσω"
"εἴτ̓","εἴτ̓","εἴτ̓"
"ἐκ","ἐκ","ἐκ"
"ἔκ","ἔκ","ἐκ"
"ἑκάεργον","ἑκάεργον","ἑκάεργος"
"ἑκάεργος","ἑκάεργος","ἑκάεργος"
"ἐκάλυψαν","ἐκάλυψαν","καλύπτω"
"ἕκαστα","ἕκαστα","ἕκαστος"
"ἕκαστος","ἕκαστος","ἕκαστος"
"ἑκάστῳ","ἑκάστῳ","ἕκαστος"
"ἑκατηβελέταο","ἑκατηβελέταο","ἑκατηβελέτης"
"ἑκατηβόλου","ἑκατηβόλου","ἑκατηβόλος"
"ἑκατόγχειρον","ἑκατόγχειρον","ἑκατόγχειρος"
"ἑκάτοιο","ἑκάτοιο","ἕκατος"
"ἑκατόμβας","ἑκατόμβας","ἑκατόμβη"
"ἑκατόμβην","ἑκατόμβην","ἑκατόμβη"
"ἑκατόμβης","ἑκατόμβης","ἑκατόμβη"
"ἔκηα","ἔκηα","καίω"
"ἑκηβόλον","ἑκηβόλον","ἑκηβόλος"
"ἑκηβόλος","ἑκηβόλος","ἑκηβόλος"
"ἑκηβόλου","ἑκηβόλου","ἑκηβόλος"
"ἑκηβόλῳ","ἑκηβόλῳ","ἑκηβόλος"
"ἔκλαγξαν","ἔκλαγξαν","κλάζω"
"ἔκλυε","ἔκλυε","ἐκλύω;κλύω"
"ἔκλυες","ἔκλυες","ἐκλύω;κλύω"
"ἔκλυον","ἔκλυον","ἐκλύω;κλύω"
"ἐκπαγλότατ̓","ἐκπαγλότατ̓","ἐκπαγλότατ̓"
"ἐκπάγλως","ἐκπάγλως","ἔκπαγλος"
"ἐκπέρσαι","ἐκπέρσαι","ἐκπέρθω"
"ἐκπέρσωσ̓","ἐκπέρσωσ̓","ἐκπέρσωσ̓"
"ἔκρινεν","ἔκρινεν","κρίνω"
"ἕκτορος","ἕκτορος","ἕκτωρ"
"ἐλαύνετον","ἐλαύνετον","ἐλαύνω"
"ἐλάφοιο","ἐλάφοιο","ἔλαφος"
"ἕλε","ἕλε","αἱρέω"
"ἐλέλιξεν","ἐλέλιξεν","ἐλελίζω"
"ἐλεύσεται","ἐλεύσεται","ἔρχομαι"
"ἔλεψε","ἔλεψε","λέπω"
"ἐλθέμεναι","ἐλθέμεναι","ἔρχομαι"
"ἐλθοῦσ̓","ἐλθοῦσ̓","ἐλθοῦσ̓"
"ἐλθοῦσα","ἐλθοῦσα","ἔρχομαι"
"ἐλθὼν","ἐλθὼν","ἔρχομαι"
"ἑλίκωπες","ἑλίκωπες","ἑλίκωψ"
"ἑλικώπιδα","ἑλικώπιδα","ἑλίκωψ;ἑλικῶπις"
"ἑλισσομένη","ἑλισσομένη","ἑλίσσω"
"ἕλκεο","ἕλκεο","ἕλκω"
"ἕλκετο","ἕλκετο","ἕλκω"
"ἕλον","ἕλον","αἱρέω"
"ἑλόντ̓","ἑλόντ̓","ἑλόντ̓"
"ἑλοῦσα","ἑλοῦσα","αἱρέω"
"ἔλσαι","ἔλσαι","εἴλω"
"ἕλωμαι","ἕλωμαι","αἱρέω"
"ἑλών","ἑλών","αἱρέω"
"ἑλὼν","ἑλὼν","αἱρέω"
"ἑλώρια","ἑλώρια","ἑλώριον"
"ἔμ̓","ἔμ̓","ἔμ̓"
"ἐμὰ","ἐμὰ","ἐμός"
"ἐμαὶ","ἐμαὶ","ἐμός"
"ἐμὰς","ἐμὰς","ἐμός"
"ἐμάχοντο","ἐμάχοντο","μάχομαι"
"ἐμέ","ἐμέ","ἐγώ;ἐμός"
"ἐμέθεν","ἐμέθεν","ἐγώ;μεθίημι"
"ἐμεῖο","ἐμεῖο","ἐγώ;ἐμέω"
"ἐμεῦ","ἐμεῦ","ἐγώ;ἐμέω"
"ἐμή","ἐμή","ἐμός"
"ἐμῇ","ἐμῇ","ἐμέω;ἐμός"
"ἐμήνιε","ἐμήνιε","μηνίω"
"ἔμμεναι","ἔμμεναι","εἰμί"
"ἔμμορε","ἔμμορε","ἔμμορος;μείρομαι"
"ἐμοὶ","ἐμοὶ","ἐγώ;ἐμός"
"ἔμοιγε","ἔμοιγε","ἐγώ"
"ἐμοῖς","ἐμοῖς","ἐμέω;ἐμός"
"ἐμόν","ἐμόν","ἐμός"
"ἐμὸν","ἐμὸν","ἐμός"
"ἐμοὺς","ἐμοὺς","ἐμός"
"ἐμπεφυυῖα","ἐμπεφυυῖα","ἐμφύω"
"ἔμπης","ἔμπης","ἔμπας"
"ἐμῷ","ἐμῷ","ἐμός"
"ἐν","ἐν","ἐν;εἰς"
"ἐναντίον","ἐναντίον","ἐναντίον;ἐναντίος"
"ἐναρίζοι","ἐναρίζοι","ἐναρίζω"
"ἐνδέξια","ἐνδέξια","ἐνδέξιος"
"ἔνδοθι","ἔνδοθι","ἔνδοθι"
"ἕνεκ̓","ἕνεκ̓","ἕνεκ̓"
"ἕνεκα","ἕνεκα","ἕνεκα"
"ἕνεκά","ἕνεκά","ἕνεκα"
"ἐνῆεν","ἐνῆεν","ἐν-εἰμί"
"ἔνθ̓","ἔνθ̓","ἔνθ̓"
"ἔνθα","ἔνθα","ἔνθα"
"ἔνθά","ἔνθά","ἔνθα"
"ἐνθάδ̓","ἐνθάδ̓","ἐνθάδ̓"
"ἐνθάδε","ἐνθάδε","ἐνθάδε"
"ἐνὶ","ἐνὶ","ἐν"
"ἐννῆμαρ","ἐννῆμαρ","ἐννῆμαρ"
"ἕντο","ἕντο","ἵημι"
"ἐντὸς","ἐντὸς","ἐντός"
"ἐνῶρτο","ἐνῶρτο","ἐνόρνυμι"
"ἐξ","ἐξ","ἐκ"
"ἔξαγε","ἔξαγε","ἐξάγω"
"ἐξάδιόν","ἐξάδιόν","ἐξάδιόν"
"ἐξαλαπάξαι","ἐξαλαπάξαι","ἐξαλαπάζω"
"ἐξαύδα","ἐξαύδα","ἐξαυδάω"
"ἐξαῦτις","ἐξαῦτις","ἐξαῦτις"
"ἑξείης","ἑξείης","ἑξείης;ἑξῆς"
"ἐξεπράθομεν","ἐξεπράθομεν","ἐκπέρθω"
"ἐξερέω","ἐξερέω","ἐξεράω;ἐξερέω"
"ἐξέταμον","ἐξέταμον","ἐκτέμνω"
"ἔοικε","ἔοικε","ἔοικα"
"ἐοικώς","ἐοικώς","ἔοικα"
"ἑοῖσι","ἑοῖσι","ἑός"
"ἑὸν","ἑὸν","ἑός"
"ἐόντα","ἐόντα","εἰμί"
"ἐόντες","ἐόντες","εἰμί"
"ἑοῦ","ἑοῦ","ἑός;ὅς"
"ἐοῦσαν","ἐοῦσαν","εἰμί"
"ἐούσῃ","ἐούσῃ","εἰμί"
"ἐπ̓","ἐπ̓","ἐπ̓"
"ἐπαγείρειν","ἐπαγείρειν","ἐπαγείρω"
"ἐπαίτιοι","ἐπαίτιοι","ἐπαίτιος"
"ἐπαρξάμενοι","ἐπαρξάμενοι","ἐπάρχω"
"ἐπασσύτεροι","ἐπασσύτεροι","ἐπασσύτερος"
"ἐπαύρωνται","ἐπαύρωνται","ἐπαυρέω"
"ἔπεα","ἔπεα","ἔπος"
"ἐπέεσσι","ἐπέεσσι","ἔπος"
"ἐπέεσσιν","ἐπέεσσιν","ἔπος"
"ἐπεί","ἐπεί","ἐπεί"
"ἐπεὶ","ἐπεὶ","ἐπεί"
"ἔπει","ἔπει","ἔπειμι;ἔπος"
"ἔπειθ̓","ἔπειθ̓","ἔπειθ̓"
"ἐπείθετο","ἐπείθετο","πείθω"
"ἔπειραν","ἔπειραν","πείρω"
"ἔπεισιν","ἔπεισιν","ἔπειμι"
"ἔπειτ̓","ἔπειτ̓","ἔπειτ̓"
"ἔπειτα","ἔπειτα","ἔπειτα"
"ἔπειτά","ἔπειτά","ἔπειτα"
"ἔπεμψεν","ἔπεμψεν","πέμπω"
"ἐπέοικε","ἐπέοικε","ἐπέοικε"
"ἐπεπείθεθ̓","ἐπεπείθεθ̓","ἐπεπείθεθ̓"
"ἐπέπλεον","ἐπέπλεον","ἐπιπλέω"
"ἐπερρώσαντο","ἐπερρώσαντο","ἐπιρρώννυμι;ἐπιρρώομαι"
"ἐπερχόμενον","ἐπερχόμενον","ἐπέρχομαι"
"ἔπεσιν","ἔπεσιν","ἔπος"
"ἐπέσσυται","ἐπέσσυται","ἐπισεύω"
"ἐπεστέψαντο","ἐπεστέψαντο","ἐπιστέφω"
"ἐπευφήμησαν","ἐπευφήμησαν","ἐπευφημέω"
"ἐπηπείλησ̓","ἐπηπείλησ̓","ἐπηπείλησ̓"
"ἐπί","ἐπί","ἐπί"
"ἐπὶ","ἐπὶ","ἐπί"
"ἔπι","ἔπι","ἐπί"
"ἐπιγνάμψασα","ἐπιγνάμψασα","ἐπιγνάμπτω"
"ἐπιείκελον","ἐπιείκελον","ἐπιείκελος"
"ἐπιεικὲς","ἐπιεικὲς","ἐπιεικής"
"ἐπιειμένε","ἐπιειμένε","ἐφέζομαι;ἐφίημι;ἐπιέννυμι"
"ἐπιέλπεο","ἐπιέλπεο","ἐπέλπομαι"
"ἐπίηρα","ἐπίηρα","ἐπίηρα"
"ἐπικρήηνον","ἐπικρήηνον","ἐπικραίνω"
"ἐπιμέμφεται","ἐπιμέμφεται","ἐπιμέμφομαι"
"ἐπιπείθεο","ἐπιπείθεο","ἐπιπείθομαι"
"ἐπιπείθηται","ἐπιπείθηται","ἐπιπείθομαι"
"ἐπιτέλλεο","ἐπιτέλλεο","ἐπιτέλλω"
"ἐπιτηδὲς","ἐπιτηδὲς","ἐπιτηδές"
"ἐπιχθόνιοι","ἐπιχθόνιοι","ἐπιχθόνιος"
"ἐπιχθονίων","ἐπιχθονίων","ἐπιχθόνιος"
"ἔπλεο","ἔπλεο","πέλω"
"ἔπλετ̓","ἔπλετ̓","ἔπλετ̓"
"ἐποίσει","ἐποίσει","ἐπιφέρω;ἐποίζω"
"ἐποιχομένην","ἐποιχομένην","ἐποίχομαι"
"ἕποντο","ἕποντο","ἕπομαι"
"ἔπος","ἔπος","ἔπος"
"ἐπῴχετο","ἐπῴχετο","ἐποίχομαι"
"ἔργ̓","ἔργ̓","ἔργ̓"
"ἔργα","ἔργα","ἔργον"
"ἔργον","ἔργον","ἔργνυμι;ἔργον"
"ἔργῳ","ἔργῳ","ἔργον"
"ἕρδον","ἕρδον","ἔρδω"
"ἐρέθῃσιν","ἐρέθῃσιν","ἐρ́εθω"
"ἐρέθιζε","ἐρέθιζε","ἐρεθίζω"
"ἐρείομεν","ἐρείομεν","ἐρέω;ῥέω"
"ἐρέοντο","ἐρέοντο","ἔρομαι;ἐράομαι;ἐρέομαι;ἐρέω;ῥέομαι;ῥέω"
"ἐρέουσα","ἐρέουσα","ἐρέω;ἐρῶ"
"ἐρέτας","ἐρέτας","ἐρέτης"
"ἐρετμοῖς","ἐρετμοῖς","ἐρετμόν;ἐρετμός;ἐρετμόω"
"ἔρεψα","ἔρεψα","ἐρέφω;ἐρέπτομαι;ῥέπω"
"ἐρέω","ἐρέω","ἐρέω;ἐρῶ"
"ἐρητύσειέ","ἐρητύσειέ","ἐρητύω"
"ἐριβώλακι","ἐριβώλακι","ἐριβῶλαξ"
"ἐριδαίνετον","ἐριδαίνετον","ἐριδαίνω"
"ἔριδι","ἔριδι","ἔρις"
"ἔριδος","ἔριδος","ἔρις"
"ἐριζέμεναι","ἐριζέμεναι","ἐρίζω"
"ἔρις","ἔρις","ἔρις"
"ἐρίσαντε","ἐρίσαντε","ἐρίζω"
"ἕρκος","ἕρκος","ἕρκος"
"ἕρματα","ἕρματα","ἕρμα"
"ἔρον","ἔρον","ἔρος"
"ἐρύσαντό","ἐρύσαντό","ἐρύω;ῥύομαι"
"ἐρυσσάμενος","ἐρυσσάμενος","ἐρύω"
"ἔρυσσαν","ἔρυσσαν","ἐρύω"
"ἐρύσσομεν","ἐρύσσομεν","ἐρύω"
"ἔρχεσθον","ἔρχεσθον","ἔρχομαι"
"ἔρχεται","ἔρχεται","ἔρχομαι"
"ἔρχομ̓","ἔρχομ̓","ἔρχομ̓"
"ἐρωήσει","ἐρωήσει","ἐρωέω"
"ἐς","ἐς","εἰς"
"ἔσαν","ἔσαν","εἰμί"
"ἔσεαι","ἔσεαι","εἰμί"
"ἔσεταί","ἔσεταί","ἔσεταί"
"ἐσθλῆς","ἐσθλῆς","ἐσθλός"
"ἐσθλὸν","ἐσθλὸν","ἐσθλός"
"ἐσκίδναντο","ἐσκίδναντο","σκίδνημι"
"ἔσοντ̓","ἔσοντ̓","ἔσοντ̓"
"ἑσπόμεθ̓","ἑσπόμεθ̓","ἑσπόμεθ̓"
"ἔσσεται","ἔσσεται","ἔσσομαι;εἰμί"
"ἐσσι","ἐσσι","εἰμί"
"ἐσσόμενα","ἐσσόμενα","ἔσσομαι;εἰμί"
"ἔσται","ἔσται","εἰμί"
"ἔσταν","ἔσταν","ἵστημι"
"ἐστὲ","ἐστὲ","εἰμί"
"ἔστησαν","ἔστησαν","ἵστημι"
"ἐστι","ἐστι","εἰμί"
"ἐστί","ἐστί","εἰμί"
"ἐστὶ","ἐστὶ","εἰμί"
"ἐστιν","ἐστιν","εἰμί"
"ἐστὶν","ἐστὶν","εἰμί"
"ἐστὸν","ἐστὸν","εἰμί"
"ἔστω","ἔστω","εἰμί;ἵστημι"
"ἔστων","ἔστων","εἰμί"
"ἔσφαξαν","ἔσφαξαν","σφάζω"
"ἔτ̓","ἔτ̓","ἔτ̓"
"ἑταίρῳ","ἑταίρῳ","ἑταῖρος"
"ἑτάροισι","ἑτάροισι","ἑταῖρος"
"ἑτάροισιν","ἑτάροισιν","ἑταῖρος"
"ἑτάρων","ἑτάρων","ἑταῖρος"
"ἔτεκές","ἔτεκές","τίκτω"
"ἐτελείετο","ἐτελείετο","τελέω"
"ἐτέλεσσας","ἐτέλεσσας","τελέω"
"ἔτελλε","ἔτελλε","τέλλω"
"ἑτέρωθεν","ἑτέρωθεν","ἑτέρωθεν"
"ἐτήτυμον","ἐτήτυμον","ἐτήτυμος"
"ἔτι","ἔτι","ἔτι"
"ἔτισας","ἔτισας","τίνω;τίζω"
"ἔτισεν","ἔτισεν","τίνω;τίζω"
"ἔτλη","ἔτλη","τλάω"
"ἑτοιμάσατ̓","ἑτοιμάσατ̓","ἑτοιμάσατ̓"
"ἐτράπετ̓","ἐτράπετ̓","ἐτράπετ̓"
"ἔτρεφον","ἔτρεφον","τρέφω"
"εὖ","εὖ","εὖ"
"ἐὺ","ἐὺ","εὖ"
"ἐῢ","ἐῢ","εὖ"
"ἐΰδμητον","ἐΰδμητον","εὔδμητος"
"ἐϋζώνοιο","ἐϋζώνοιο","εὔζωνος"
"εὔκηλος","εὔκηλος","εὔκηλος"
"ἐϋκνήμιδες","ἐϋκνήμιδες","ἐυκνήμις"
"εὐνὰς","εὐνὰς","εὐνή"
"εὐξαμένοιο","εὐξαμένοιο","εὔχομαι"
"εὐξαμένου","εὐξαμένου","εὔχομαι"
"εὔξαντο","εὔξαντο","εὔχομαι"
"εὗρεν","εὗρεν","εὑρίσκω"
"εὗρον","εὗρον","εὑρίσκω"
"εὐρὺ","εὐρὺ","εὐρύς"
"εὐρυβάτην","εὐρυβάτην","εὐρυβάτην"
"εὐρὺν","εὐρὺν","εὐρύς"
"εὐρύοπα","εὐρύοπα","εὐρύοπα"
"εὖτ̓","εὖτ̓","εὖτ̓"
"εὐτείχεον","εὐτείχεον","εὐτείχεος"
"εὔχεται","εὔχεται","εὔχομαι"
"εὔχετο","εὔχετο","εὔχομαι"
"εὐχομένης","εὐχομένης","εὔχομαι"
"εὐχόμενος","εὐχόμενος","εὔχομαι"
"εὐχωλῆς","εὐχωλῆς","εὐχωλή"
"ἔφ̓","ἔφ̓","ἔφ̓"
"ἔφατ̓","ἔφατ̓","ἔφατ̓"
"ἐφείω","ἐφείω","ἐφίημι"
"ἐφετμέων","ἐφετμέων","ἐφετμή"
"ἔφη","ἔφη","φημί"
"ἐφῆκεν","ἐφῆκεν","ἐφήκω;ἐφίημι"
"ἐφήσεις","ἐφήσεις","ἐφίημι"
"ἔφησθα","ἔφησθα","φημί"
"ἐφθίαθ̓","ἐφθίαθ̓","ἐφθίαθ̓"
"ἐφιεὶς","ἐφιεὶς","ἐφίημι"
"ἔχ̓","ἔχ̓","ἔχ̓"
"ἔχει","ἔχει","ἔχις;ἔχω;χάω;χέω"
"ἔχειν","ἔχειν","ἔχω"
"ἐχεπευκὲς","ἐχεπευκὲς","ἐχεπευκής"
"ἔχετ̓","ἔχετ̓","ἔχετ̓"
"ἔχῃς","ἔχῃς","ἔχω"
"ἔχθιστος","ἔχθιστος","ἔχθιστος"
"ἐχθοδοπῆσαι","ἐχθοδοπῆσαι","ἐχθοδοπέω"
"ἔχον","ἔχον","ἔχω"
"ἔχοντες","ἔχοντες","ἔχω"
"ἔχω","ἔχω","ἔχω;χόω"
"ἔχων","ἔχων","ἔχω;χάω;χόω"
"ἐχώσατο","ἐχώσατο","χόω;χώομαι"
"ἔω","ἔω","εἰμί"
"ἐὼν","ἐὼν","εἰμί"
"ζαθέην","ζαθέην","ζάθεος"
"ζεῦ","ζεῦ","ζέω"
"ζεύς","ζεύς","ζεύς"
"ζεὺς","ζεὺς","ζεὺς"
"ζῶντος","ζῶντος","ζάω"
"ἤ","ἤ","ἤ"
"ἢ","ἢ","ἤ"
"ἦ","ἦ","εἰμί;ἦ;ἠμί"
"ἥ","ἥ","ὁ;ὅς"
"ἣ","ἣ","ὁ;ὅς"
"ἠγαθέῃ","ἠγαθέῃ","ἠγάθεος"
"ἤγερθεν","ἤγερθεν","ἀγείρω;ἐγείρω"
"ἡγήσατ̓","ἡγήσατ̓","ἡγήσατ̓"
"ἠγνοίησεν","ἠγνοίησεν","ἀγνοέω"
"ἤγομεν","ἤγομεν","ἄγω"
"ἠδ̓","ἠδ̓","ἠδ̓"
"ἠδὲ","ἠδὲ","ἠδέ"
"ἤδη","ἤδη","ἤδη;ἦδος"
"ᾔδη","ᾔδη","οἶδα"
"ἦδος","ἦδος","ἦδος"
"ἡδυεπὴς","ἡδυεπὴς","ἡδυεπής"
"ἠέ","ἠέ","ἤ;ἠέ"
"ἠὲ","ἠὲ","ἤ;ἠέ"
"ἦε","ἦε","ἤ"
"ἠελίοιο","ἠελίοιο","ἥλιος;ἠέλιος"
"ἠέλιον","ἠέλιον","ἥλιος;ἠέλιος"
"ἠέλιος","ἠέλιος","ἥλιος;ἠέλιος"
"ἠελίῳ","ἠελίῳ","ἥλιος;ἠέλιος"
"ἦεν","ἦεν","εἰμί"
"ἠερίη","ἠερίη","ἠέριος"
"ἠετίωνος","ἠετίωνος","ἠετίωνος"
"ἤθελον","ἤθελον","ἐθέλω"
"ἤϊ̓","ἤϊ̓","ἤϊ̓"
"ἤϊε","ἤϊε","ἀίω;εἶμι;ἤιος"
"ἧκε","ἧκε","ἥκω;ἵημι"
"ἤκουσεν","ἤκουσεν","ἀκούω"
"ἤλασαν","ἤλασαν","ἐλαύνω"
"ἦλθε","ἦλθε","ἔρχομαι"
"ἦλθον","ἦλθον","ἔρχομαι"
"ἥλοισι","ἥλοισι","ἧλος"
"ἤλυθον","ἤλυθον","ἔρχομαι"
"ἦμαρ","ἦμαρ","ἦμαρ"
"ἠμείβετ̓","ἠμείβετ̓","ἠμείβετ̓"
"ἠμείβετο","ἠμείβετο","ἀμείβω"
"ἡμένη","ἡμένη","ἧμαι"
"ἥμενον","ἥμενον","ἧμαι"
"ἡμετέρῳ","ἡμετέρῳ","ἡμέτερος"
"ἡμῖν","ἡμῖν","ἐγώ"
"ἥμιν","ἥμιν","ἐγώ"
"ἦμος","ἦμος","ἦμος"
"ἤν","ἤν","ἐάν;ἤν"
"ἢν","ἢν","ἐάν;ἤν"
"ἣν","ἣν","ὅς"
"ἥνδανε","ἥνδανε","ἁνδάνω"
"ἧος","ἧος","ἕως"
"ἠπείλησεν","ἠπείλησεν","ἀπειλέω;ἐπειλέω"
"ἠπείροιο","ἠπείροιο","ἤπειρος"
"ἠρᾶθ̓","ἠρᾶθ̓","ἠρᾶθ̓"
"ἥρη","ἥρη","ἥρη"
"ἥρῃ","ἥρῃ","ἥρῃ"
"ἠρήσατο","ἠρήσατο","ἀράομαι;ἀρέομαι;ἐράομαι;ἐρέομαι;ἐρέω"
"ἠριγένεια","ἠριγένεια","ἠριγένεια;ἠριγένειον"
"ἦρχ̓","ἦρχ̓","ἦρχ̓"
"ἦρχε","ἦρχε","ἄρχω"
"ἥρως","ἥρως","ἥρως"
"ἡρώων","ἡρώων","ἥρως"
"ᾗς","ᾗς","ἵημι"
"ἧσθαι","ἧσθαι","ἧμαι"
"ᾗσιν","ᾗσιν","ἵημι;ὅς"
"ἧστο","ἧστο","ἧμαι"
"ἠτίμασεν","ἠτίμασεν","ἀτιμάω;ἀτιμάζω"
"ἠτίμησ̓","ἠτίμησ̓","ἠτίμησ̓"
"ἠτίμησεν","ἠτίμησεν","ἀτιμάω"
"ἤτοι","ἤτοι","ἤτοι"
"ἦτορ","ἦτορ","ἦτορ"
"ηὔδα","ηὔδα","αὐδάω"
"ἠΰκομος","ἠΰκομος","εὔκομος"
"ἠΰτ̓","ἠΰτ̓","ἠΰτ̓"
"ἥφαιστον","ἥφαιστον","ἥφαιστον"
"ἥφαιστος","ἥφαιστος","ἥφαιστος"
"ἠχήεσσα","ἠχήεσσα","ἠχήεις"
"ἧχι","ἧχι","ἧχι"
"ἥψατο","ἥψατο","ἅπτω;ἑψάω"
"ἠώς","ἠώς","ἠώς"
"θ̓","θ̓","θ̓"
"θάλασσά","θάλασσά","θάλασσα"
"θαλάσσης","θαλάσσης","θάλασσα"
"θάμβησεν","θάμβησεν","θαμβέω"
"θαμειαί","θαμειαί","θαμέες"
"θάνατόν","θάνατόν","θάνατος"
"θαρσήσας","θαρσήσας","θαρσέω"
"θάρσησε","θάρσησε","θαρσέω"
"θεὰ","θεὰ","θεά"
"θεινομένην","θεινομένην","θείνω"
"θείομεν","θείομεν","θέω;θεάω;τίθημι"
"θέμιστας","θέμιστας","θέμις"
"θεοείκελ̓","θεοείκελ̓","θεοείκελ̓"
"θεοί","θεοί","θεός"
"θεοὶ","θεοὶ","θεός"
"θεοῖο","θεοῖο","θεάομαι;θεάω;θεός"
"θεοῖς","θεοῖς","θεάω;θεός"
"θεοῖσι","θεοῖσι","θεάω;θεός"
"θεοῖσιν","θεοῖσιν","θεάω;θεός"
"θεὸν","θεὸν","θεός"
"θεοπροπέων","θεοπροπέων","θεοπροπέω"
"θεοπροπίας","θεοπροπίας","θεοπροπία"
"θεοπρόπιον","θεοπρόπιον","θεοπρόπιον;θεοπροπέω"
"θεός","θεός","θεός"
"θεράποντε","θεράποντε","θεράπων"
"θέσαν","θέσαν","τίθημι"
"θεσπεσίοιο","θεσπεσίοιο","θεσπέσιος"
"θεστορίδης","θεστορίδης","θεστορίδης"
"θέτις","θέτις","θέτις"
"θεῷ","θεῷ","θεάω;θεός"
"θεῶν","θεῶν","θέα;θεά;θεάω;θεός"
"θήβην","θήβην","θήβην"
"θῆκε","θῆκε","τίθημι"
"θησέα","θησέα","θησέα"
"θῖν̓","θῖν̓","θῖν̓"
"θῖνα","θῖνα","θίς"
"θνῇσκον","θνῇσκον","θνήσκω"
"θνήσκοντας","θνήσκοντας","θνήσκω"
"θνήσκοντες","θνήσκοντες","θνήσκω"
"θνητῶν","θνητῶν","θνητός"
"θοὰς","θοὰς","θοάς;θοός"
"θοῇ","θοῇ","θοάζω;θοός"
"θοὴν","θοὴν","θοός"
"θρόνου","θρόνου","θρόνον;θρόνος"
"θυγάτηρ","θυγάτηρ","θυγάτηρ"
"θύγατρα","θύγατρα","θυγάτηρ"
"θύει","θύει","θύος;θύω;θυάω"
"θυμόν","θυμόν","θυμός"
"θυμὸν","θυμὸν","θυμός"
"θυμὸς","θυμὸς","θυμός"
"θυμοῦ","θυμοῦ","θυμός;θυμόω"
"θυμῷ","θυμῷ","θυμός"
"θωρηχθῆναι","θωρηχθῆναι","θωρήσσω"
"ἴαχε","ἴαχε","ἰάχω"
"ἴδῃ","ἴδῃ","εἶδον;ἴδη"
"ἴδμεν","ἴδμεν","οἶδα"
"ἰδομενεὺς","ἰδομενεὺς","ἰδομενεὺς"
"ἴδον","ἴδον","εἶδον"
"ἰδοῦσ̓","ἰδοῦσ̓","ἰδοῦσ̓"
"ἰδυίῃ","ἰδυίῃ","ἰδυῖα;οἶδα"
"ἰδυίῃσι","ἰδυίῃσι","ἰδυῖα;οἶδα"
"ἴδωμαι","ἴδωμαι","εἶδον"
"ἰδὼν","ἰδὼν","εἶδον"
"ἵει","ἵει","ἵημι;ἱέω"
"ἰέναι","ἰέναι","εἶμι"
"ἱερὰ","ἱερὰ","ἱερά;ἱερός"
"ἱερεὺς","ἱερεὺς","ἱερεύς"
"ἱερῆα","ἱερῆα","ἱερεύς"
"ἱερὴν","ἱερὴν","ἱερά;ἱερή;ἱερός"
"ἴθι","ἴθι","εἶμι"
"ἱκάνει","ἱκάνει","ἱκάνω"
"ἵκανεν","ἵκανεν","ἱκάνω"
"ἱκάνοι","ἱκάνοι","ἱκάνω"
"ἷκεν","ἷκεν","ἵκω;ἱκνέομαι"
"ἱκέσθαι","ἱκέσθαι","ἱκνέομαι"
"ἱκέσθην","ἱκέσθην","ἱκνέομαι"
"ἵκετο","ἵκετο","ἱκνέομαι"
"ἵκηται","ἵκηται","ἱκνέομαι"
"ἴκμενον","ἴκμενον","ἴκμενος"
"ἵκοντο","ἵκοντο","ἱκνέομαι"
"ἵκωμαι","ἵκωμαι","ἱκνέομαι"
"ἵλαος","ἵλαος","ἵλαος;ἴλαος"
"ἱλάσκεσθαι","ἱλάσκεσθαι","ἱλάσκομαι"
"ἱλάσκοντο","ἱλάσκοντο","ἱλάομαι;ἱλάσκομαι"
"ἱλασόμεσθα","ἱλασόμεσθα","ἱλάσκομαι"
"ἱλασσάμενοι","ἱλασσάμενοι","ἱλάομαι"
"ἱλάσσεαι","ἱλάσσεαι","ἱλάομαι;ἱλάσκομαι"
"ἴλιον","ἴλιον","ἴλιον"
"ἴμεν","ἴμεν","εἶμι"
"ἵνα","ἵνα","ἵνα"
"ἵξεται","ἵξεται","ἵζω;ἱκνέομαι"
"ἰὸν","ἰὸν","εἶμι;εἰμί;ἰός"
"ἰόνθ̓","ἰόνθ̓","ἰόνθ̓"
"ἰόντα","ἰόντα","εἶμι;εἰμί"
"ἰούσης","ἰούσης","εἶμι;ἰόω"
"ἵππους","ἵππους","ἵππος"
"ἴσαν","ἴσαν","εἶμι;ἴσος;οἶδα"
"ἶσον","ἶσον","ἴσος"
"ἱστία","ἱστία","ἑστία;ἑστιάω;ἱστίον"
"ἱστίον","ἱστίον","ἱστίον"
"ἱστοδόκῃ","ἱστοδόκῃ","ἱστοδόκη"
"ἱστὸν","ἱστὸν","ἱστός"
"ἴσχεο","ἴσχεο","ἴσχω"
"ἴτ̓","ἴτ̓","ἴτ̓"
"ἴτην","ἴτην","εἶμι;ἴτης"
"ἰφθίμους","ἰφθίμους","ἴφθιμος"
"ἶφι","ἶφι","ἶφι"
"ἴψαο","ἴψαο","ἴπτομαι"
"ἰὼν","ἰὼν","εἶμι;εἰμί"
"κ̓","κ̓","κ̓"
"κάη","κάη","κάος;καίω"
"καθάπτεσθαι","καθάπτεσθαι","καθάπτω"
"καθέζετ̓","καθέζετ̓","καθέζετ̓"
"καθέζετο","καθέζετο","κατά-ἕζομαι;κατά-καθέζομαι"
"καθεῦδ̓","καθεῦδ̓","καθεῦδ̓"
"κάθησο","κάθησο","κάθημαι"
"καθῆστο","καθῆστο","κάθημαι"
"καί","καί","καί"
"καὶ","καὶ","καί"
"καῖε","καῖε","καίω"
"καινέα","καινέα","καινέα"
"καίοντο","καίοντο","καίω"
"κάκ̓","κάκ̓","κάκ̓"
"κακῇ","κακῇ","κακάζω;κακός"
"κακήν","κακήν","κακός"
"κακκείοντες","κακκείοντες","κατάκειμαι"
"κακοῖο","κακοῖο","κακός;κακόω"
"κακὸν","κακὸν","κακός"
"κακῶν","κακῶν","κάκη;κακάζω;κακός;κακόω"
"κακῶς","κακῶς","κακός;κακόω"
"καλεοίμην","καλεοίμην","καλέω"
"καλέουσι","καλέουσι","καλέω"
"καλέσαντο","καλέσαντο","καλέω"
"καλέσασ̓","καλέσασ̓","καλέσασ̓"
"καλέσσατο","καλέσσατο","καλέω"
"καλῇ","καλῇ","καλέω;καλός"
"καλλιπάρῃον","καλλιπάρῃον","καλλιπάρηος"
"καλὸν","καλὸν","καλός"
"κάλχαν","κάλχαν","κάλχη"
"κάλχαντα","κάλχαντα","κάλχαντα"
"κάλχας","κάλχας","κάλχη"
"κάμω","κάμω","κάμνω"
"καπνῷ","καπνῷ","καπνός"
"κάππεσον","κάππεσον","καταπίπτω"
"καρήνων","καρήνων","κάρηνον"
"καρπαλίμως","καρπαλίμως","καρπάλιμος"
"καρπὸν","καρπὸν","καρπός"
"καρτερός","καρτερός","καρτερός"
"κάρτιστοι","κάρτιστοι","κάρτιστος;κράτιστος"
"καρτίστοις","καρτίστοις","κάρτιστος;κράτιστος"
"κατ̓","κατ̓","κατ̓"
"κατά","κατά","κατά"
"κατὰ","κατὰ","κατά"
"καταδύντα","καταδύντα","καταδύω"
"καταδύντι","καταδύντι","καταδύω"
"κατανεῦσαι","κατανεῦσαι","κατανέω;κατανεύω"
"κατανεύσομαι","κατανεύσομαι","κατανεύω"
"κατάνευσον","κατάνευσον","κατανεύω"
"κατανεύσω","κατανεύσω","κατανεύω"
"καταπέψῃ","καταπέψῃ","καταπέσσω"
"κατέδυ","κατέδυ","καταδύω"
"κατέρεξεν","κατέρεξεν","καταρρέζω"
"κε","κε","ἄν"
"κέ","κέ","ἄν"
"κείμενα","κείμενα","κεῖμαι"
"κεῖνοι","κεῖνοι","ἐκεῖνος;κεῖνος"
"κείνοισι","κείνοισι","ἐκεῖνος;κεῖνος"
"κελαινεφέϊ","κελαινεφέϊ","κελαινεφής"
"κελαινὸν","κελαινὸν","κελαινός"
"κέλεαι","κέλεαι","κέλλω;κέλομαι"
"κέλεαί","κέλεαί","κέλλω;κέλομαι"
"κέλευθα","κέλευθα","κέλευθος"
"κέλευθον","κέλευθον","κέλευθος"
"κελόμην","κελόμην","κέλομαι"
"κεν","κεν","ἄν"
"κέν","κέν","ἄν"
"κερδαλεόφρον","κερδαλεόφρον","κερδαλεόφρων"
"κερτομίοισι","κερτομίοισι","κερτόμιος;κερτομέω"
"κεῦθε","κεῦθε","κεύθω"
"κεφαλῇ","κεφαλῇ","κεφαλή"
"κεχαροίατο","κεχαροίατο","χαίρω"
"κεχολωμένον","κεχολωμένον","χολόομαι;χολόω"
"κεχολώσεται","κεχολώσεται","χολόομαι;χολόω"
"κήδἐ","κήδἐ","κήδἐ"
"κήδετο","κήδετο","κήδω"
"κηδομένη","κηδομένη","κήδω"
"κῆλα","κῆλα","κήλας;κῆλον"
"κὴρ","κὴρ","κήρ"
"κῆρ","κῆρ","κῆρ"
"κήρυκε","κήρυκε","κῆρυξ"
"κήρυκες","κήρυκες","κῆρυξ"
"κίεν","κίεν","κίω"
"κίλλαν","κίλλαν","κίλλαν"
"κίλλάν","κίλλάν","κίλλάν"
"κινηθέντος","κινηθέντος","κινέω"
"κιχείω","κιχείω","κιχάνω"
"κιὼν","κιὼν","κίω"
"κλαγγὴ","κλαγγὴ","κλαγγή"
"κλαίεις","κλαίεις","κλαίω"
"κλέπτε","κλέπτε","κλέπτω"
"κλισίας","κλισίας","κλισία"
"κλισίῃ","κλισίῃ","κλισία"
"κλισίηθεν","κλισίηθεν","κλισίηθεν"
"κλισίην","κλισίην","κλισία"
"κλισίης","κλισίης","κλισία"
"κλῦθί","κλῦθί","κλύω"
"κλυταιμνήστρης","κλυταιμνήστρης","κλυταιμνήστρης"
"κλυτοτέχνης","κλυτοτέχνης","κλυτοτέχνης"
"κνέφας","κνέφας","κνέφας"
"κνίση","κνίση","κνῖσα;κνῖσος;κνισάω"
"κνίσῃ","κνίσῃ","κνίζω;κνῖσα"
"κνίσης","κνίσης","κνῖσα;κνισάω"
"κοίλῃς","κοίλῃς","κόιλος;κοῖλος"
"κοίλῃσιν","κοίλῃσιν","κόιλος;κοῖλος"
"κοιμᾶθ̓","κοιμᾶθ̓","κοιμᾶθ̓"
"κοιμήσαντο","κοιμήσαντο","κοιμάω"
"κολεοῖο","κολεοῖο","κολεόν;κολεός"
"κολῳὸν","κολῳὸν","κολῳός"
"κόμης","κόμης","κόμη;κόμης;κομάω"
"κομίσαντο","κομίσαντο","κομίζω"
"κορυφῇ","κορυφῇ","κορύπτω;κορυφή"
"κορωνίσιν","κορωνίσιν","κορωνίς"
"κοσμήτορε","κοσμήτορε","κοσμήτωρ"
"κοτέοντος","κοτέοντος","κοτάω;κοτέω"
"κότον","κότον","κότος"
"κουλεὸν","κουλεὸν","κολεόν;κουλεόν;κουλεός"
"κούρην","κούρην","κόρη"
"κούρης","κούρης","ἐπικουρέω;κόρη"
"κουριδίης","κουριδίης","κουρίδιος"
"κοῦροι","κοῦροι","κόρος;κοῦρος"
"κραδίην","κραδίην","καρδία;κραδίας"
"κρατέει","κρατέει","κρατέω"
"κρατέειν","κρατέειν","κρατέω"
"κρατερὸν","κρατερὸν","κρατερός"
"κρατὸς","κρατὸς","κρατὸς"
"κράτος","κράτος","κράτος"
"κρείσσων","κρείσσων","κρείσσων;κρεισσόω"
"κρείων","κρείων","κρείων;κρεῖον"
"κρήγυον","κρήγυον","κρήγυος"
"κρήηνον","κρήηνον","κραίνω"
"κρητῆρας","κρητῆρας","κρατήρ"
"κρητῆρος","κρητῆρος","κρατήρ"
"κρονίδη","κρονίδη","κρονίδη"
"κρονίδην","κρονίδην","κρονίδην"
"κρονίων","κρονίων","κρονίων"
"κρονίωνα","κρονίωνα","κρονίωνα"
"κρονίωνι","κρονίωνι","κρονίωνι"
"κρυπτάδια","κρυπτάδια","κρυπτάδιος"
"κτεινομένους","κτεινομένους","κτείνω"
"κυανέῃσιν","κυανέῃσιν","κυάνεαι;κυάνεος;κυανέω"
"κύδεϊ","κύδεϊ","κῦδος"
"κυδιάνειραν","κυδιάνειραν","κυδιάνειρα"
"κύδιστε","κύδιστε","κύδιστος"
"κῦδος","κῦδος","κῦδος"
"κῦμα","κῦμα","κῦμα"
"κύνας","κύνας","κύων;κυνάω"
"κύνεσσιν","κύνεσσιν","κύων"
"κυνὸς","κυνὸς","κύων"
"κυνῶπα","κυνῶπα","κυνώπης"
"κύπελλον","κύπελλον","κύπελλον"
"κώπῃ","κώπῃ","κώπη"
"λαβὲ","λαβὲ","λαμβάνω"
"λάβε","λάβε","λαμβάνω"
"λάβεν","λάβεν","λάπτω;λαμβάνω"
"λαμπετόωντι","λαμπετόωντι","λαμπετάω"
"λαμπρὸν","λαμπρὸν","λαμπρός"
"λαοί","λαοί","λαός"
"λαοὶ","λαοὶ","λαός"
"λαὸν","λαὸν","λαός"
"λαοὺς","λαοὺς","λαός"
"λασίοισι","λασίοισι","λάσιον;λάσιος;λάζω;λανθάνω"
"λαῷ","λαῷ","λαός"
"λαῶν","λαῶν","λαός"
"λεῖβε","λεῖβε","λείβω"
"λέλοιπεν","λέλοιπεν","λείπω"
"λευκὰ","λευκὰ","λευκάς;λευκόν;λευκός"
"λευκώλενος","λευκώλενος","λευκώλενος"
"λευκωλένῳ","λευκωλένῳ","λευκώλενος"
"λεύσσετε","λεύσσετε","λεύσσω"
"λέχος","λέχος","λέχος"
"λῆγ̓","λῆγ̓","λῆγ̓"
"λῆγε","λῆγε","λήγω"
"λήθετ̓","λήθετ̓","λήθετ̓"
"λήθω","λήθω","λανθάνω"
"λήμνῳ","λήμνῳ","λήμνῳ"
"λητοῦς","λητοῦς","λητοῦς"
"λητώ","λητώ","λητώ"
"λιασθείς","λιασθείς","λιάζομαι;λιάζω"
"λιγὺς","λιγὺς","λιγύς"
"λίην","λίην","λίαν"
"λιμένος","λιμένος","λιμήν"
"λίπ̓","λίπ̓","λίπ̓"
"λίσαι","λίσαι","λίσσομαι;λίζω"
"λίσσετο","λίσσετο","λίσσομαι"
"λίσσομ̓","λίσσομ̓","λίσσομ̓"
"λίσσομαι","λίσσομαι","λίσσομαι;λίζω"
"λισσομένη","λισσομένη","λίσσομαι;λίζω"
"λοίγια","λοίγια","λοίγιος"
"λοιγὸν","λοιγὸν","λοιγός"
"λοιμὸς","λοιμὸς","λοιμός"
"λόχον","λόχον","λόχος"
"λύματα","λύματα","λῦμα"
"λύσαιτε","λύσαιτε","λύω"
"λῦσαν","λῦσαν","λύω"
"λυσόμενός","λυσόμενός","λύω"
"λύσω","λύσω","λύω"
"λωβήσαιο","λωβήσαιο","λωβάομαι"
"λώϊόν","λώϊόν","λωίων"
"μ̓","μ̓","μ̓"
"μὰ","μὰ","μά;μής"
"μάκαρες","μάκαρες","μάκαρ"
"μακάρεσσι","μακάρεσσι","μάκαρ"
"μακάρων","μακάρων","μάκαρ;μάκαρος"
"μακρὰ","μακρὰ","μακρός"
"μακρὸν","μακρὸν","μακρός"
"μάλ̓","μάλ̓","μάλ̓"
"μάλα","μάλα","μάλα;μάλη"
"μαλακοῖσιν","μαλακοῖσιν","μαλακός;μαλακόω"
"μάλιστα","μάλιστα","μάλιστα"
"μᾶλλον","μᾶλλον","μᾶλλον"
"μαντεύεσθαι","μαντεύεσθαι","μαντεύομαι;μαντεύω"
"μάντι","μάντι","μάντις"
"μάντιν","μάντιν","μάντις"
"μάντις","μάντις","μάντις"
"μαντοσύνην","μαντοσύνην","μαντόσυνος;μαντοσύνη"
"μαρναμένοιϊν","μαρναμένοιϊν","μάρναμαι"
"μάρτυροι","μάρτυροι","μάρτυρος"
"μάχαι","μάχαι","μάχη"
"μαχέοιντο","μαχέοιντο","μάχομαι;μαχάω;συμμαχέω"
"μαχέοιτο","μαχέοιτο","μάχομαι;μαχάω;συμμαχέω"
"μάχεσθαι","μάχεσθαι","μάχομαι"
"μαχεσσαμένω","μαχεσσαμένω","μάχομαι"
"μάχῃ","μάχῃ","μάχη;μάχομαι"
"μαχήσομαι","μαχήσομαι","μάχομαι;μαχάω;συμμαχέω"
"μαχησόμενος","μαχησόμενος","μάχομαι;μαχάω;συμμαχέω"
"μαχόμην","μαχόμην","μάχομαι"
"με","με","ἐγώ"
"μέ","μέ","ἐγώ"
"μέγ̓","μέγ̓","μέγ̓"
"μέγα","μέγα","μέγας"
"μεγάθυμοι","μεγάθυμοι","μεγάθυμος"
"μεγάλ̓","μεγάλ̓","μεγάλ̓"
"μέγαν","μέγαν","μέγας"
"μεγάροισι","μεγάροισι","μέγαρον"
"μεγάροισιν","μεγάροισιν","μέγαρον"
"μέγας","μέγας","μέγας"
"μέγιστον","μέγιστον","μέγας"
"μεθέμεν","μεθέμεν","μεθίημι"
"μεθομίλεον","μεθομίλεον","μεθομιλέω"
"μειδήσασα","μειδήσασα","μειδάω"
"μείδησεν","μείδησεν","μειδάω"
"μεῖζον","μεῖζον","μέγας"
"μεῖναι","μεῖναι","μένω"
"μέλαιναν","μέλαιναν","μέλαινα;μέλας"
"μελαίνῃ","μελαίνῃ","μέλαινα;μέλας;μελαίνω"
"μελήσεται","μελήσεται","ἐπιμελέομαι;μέλω"
"μέλιτος","μέλιτος","μέλι"
"μέλλει","μέλλει","μέλλω"
"μέλποντες","μέλποντες","μέλπω"
"μεμαῶτα","μεμαῶτα","μέμαα"
"μέν","μέν","μέν"
"μὲν","μὲν","μέν"
"μένειν","μένειν","μένω"
"μενελάῳ","μενελάῳ","μενελάῳ"
"μένεος","μένεος","μένος"
"μενοιτιάδῃ","μενοιτιάδῃ","μενοιτιάδῃ"
"μένος","μένος","μένος"
"μένων","μένων","μένω"
"μερμήριξεν","μερμήριξεν","μερμηρίζω"
"μερόπων","μερόπων","μέροψ"
"μέσον","μέσον","μέσος"
"μετ̓","μετ̓","μετ̓"
"μετὰ","μετὰ","μετά"
"μετάλλα","μετάλλα","μεταλλάω"
"μεταλλῶ","μεταλλῶ","μεταλλάω"
"μεταξὺ","μεταξὺ","μεταξύ"
"μετατρέπῃ","μετατρέπῃ","μετατρέπομαι"
"μεταφρασόμεσθα","μεταφρασόμεσθα","μεταφράζω"
"μετέειπεν","μετέειπεν","μετεῖπον"
"μετέφη","μετέφη","μετάφημι"
"μετόπισθεν","μετόπισθεν","μετόπισθε"
"μευ","μευ","ἐγώ"
"μη","μη","μη"
"μή","μή","μή"
"μὴ","μὴ","μή"
"μὴν","μὴν","μείς;μήν;μής"
"μήνἰ","μήνἰ","μήνἰ"
"μήνιε","μήνιε","μῆνις;μηνίω"
"μῆνιν","μῆνιν","μῆνις"
"μῆρε","μῆρε","μῆρα"
"μηρί̓","μηρί̓","μηρί̓"
"μηροῦ","μηροῦ","μηρός"
"μηρούς","μηρούς","μηρός"
"μήτε","μήτε","μήτε"
"μῆτερ","μῆτερ","μήτηρ"
"μήτηρ","μήτηρ","μήτηρ"
"μητίετα","μητίετα","μητίετα"
"μητρὶ","μητρὶ","μήτηρ;μητρίς"
"μιν","μιν","μιν"
"μίνυνθά","μίνυνθά","μίνυνθα"
"μινυνθάδιόν","μινυνθάδιόν","μινυνθάδιος"
"μίστυλλόν","μίστυλλόν","μίστυλλον;μιστύλλω"
"μνήσασα","μνήσασα","μιμνήσκω"
"μόγησα","μόγησα","μογέω"
"μοι","μοι","ἐγώ"
"μοί","μοί","ἐγώ"
"μοῖραν","μοῖραν","μοῖρα"
"μολπῇ","μολπῇ","μολπάζω;μολπή"
"μουσάων","μουσάων","μοῦσα"
"μυθήσασθαι","μυθήσασθαι","μυθέομαι;μυθέω"
"μῦθον","μῦθον","μῦθος"
"μύθους","μύθους","μῦθος"
"μύθῳ","μύθῳ","μῦθος"
"μυρί̓","μυρί̓","μυρί̓"
"μυρμιδόνεσσιν","μυρμιδόνεσσιν","μυρμιδόνεσσιν"
"μυρμιδόνων","μυρμιδόνων","μυρμιδόνων"
"ναὶ","ναὶ","ναί;ναῦς"
"ναιόμενον","ναιόμενον","ναίω"
"νέας","νέας","ναῦς;νέα;νέος;νεάω"
"νέηαι","νέηαι","νέομαι;νέω;νεάω"
"νεικεῖ","νεικεῖ","νεικέω"
"νεικείῃσι","νεικείῃσι","νεικέω"
"νέκταρ","νέκταρ","νέκταρ"
"νεκύων","νεκύων","νέκυς"
"νέοι","νέοι","νέος;νέω"
"νέον","νέον","νέος;νέω"
"νέστωρ","νέστωρ","νέστωρ"
"νεῦσε","νεῦσε","νέω;νεύω"
"νεφεληγερέτα","νεφεληγερέτα","νεφεληγερέτα"
"νεῶν","νεῶν","ναός;ναῦς;νέα;νεάω;νεάζω;νεόω;νεώς"
"νεωτέρω","νεωτέρω","νέος;νεώτερος"
"νῆα","νῆα","ναῦς"
"νῆας","νῆας","ναῦς"
"νήεσσ̓","νήεσσ̓","νήεσσ̓"
"νηΐ","νηΐ","ναιάς;ναῦς"
"νηῒ","νηῒ","ναιάς;ναῦς"
"νημερτὲς","νημερτὲς","νημερτής"
"νηὸν","νηὸν","ναός"
"νηός","νηός","ναός;ναῦς"
"νηὸς","νηὸς","ναός;ναῦς"
"νηυσί","νηυσί","ναῦς"
"νηυσὶ","νηυσὶ","ναῦς"
"νηυσὶν","νηυσὶν","ναῦς"
"νικᾷ","νικᾷ","νικάω"
"νοεούσῃ","νοεούσῃ","νοέω"
"νοῆσαι","νοῆσαι","νοέω"
"νοήσῃ","νοήσῃ","νόησις;νοέω"
"νοήσῃς","νοήσῃς","νοέω"
"νόσφι","νόσφι","νόσφι"
"νόσφιν","νόσφιν","νόσφι"
"νοῦσον","νοῦσον","νόσος;νοῦσος"
"νόῳ","νόῳ","νάω;νόος"
"νυ","νυ","νῦν"
"νύ","νύ","νῦν"
"νυκτὶ","νυκτὶ","νύξ"
"νῦν","νῦν","νῦν"
"νώμησαν","νώμησαν","νωμάω"
"ξανθῆς","ξανθῆς","ξανθός"
"ξίφος","ξίφος","ξίφος"
"ξυνδῆσαι","ξυνδῆσαι","συνδέομαι;συνδέω"
"ξυνέηκε","ξυνέηκε","συνίημι"
"ξυνήϊα","ξυνήϊα","ξυνήιος;σύνειμι"
"ξύνιεν","ξύνιεν","συνίημι"
"ὁ","ὁ","ὁ"
"ὅ","ὅ","ὁ;ὅς"
"ὃ","ὃ","ὁ;ὅς"
"ὀβελοῖσιν","ὀβελοῖσιν","ὀβελός"
"ὅδ̓","ὅδ̓","ὅδ̓"
"ὁδὸν","ὁδὸν","ὁδός"
"ὀδυσῆος","ὀδυσῆος","ὀδυσῆος"
"ὀδυσσεύς","ὀδυσσεύς","ὀδυσσεύς"
"ὀδυσσεὺς","ὀδυσσεὺς","ὀδυσσεὺς"
"ὄζους","ὄζους","ὄζος"
"ὄθομαι","ὄθομαι","ὄθομαι"
"οἱ","οἱ","ἕ;ὁ"
"οἵ","οἵ","ἕ;ὁ;ὅς"
"οἳ","οἳ","ἕ;ὁ;ὅς"
"οἶδε","οἶδε","οἶδα"
"οἵδε","οἵδε","ὅδε"
"ὀΐεαι","ὀΐεαι","ὀίζω;οἴομαι"
"ὀϊζυρὸς","ὀϊζυρὸς","ὀιζυρός"
"οἴη","οἴη","οἴη;οἶος;οἰάω"
"οἴκαδ̓","οἴκαδ̓","οἴκαδ̓"
"οἴκοι","οἴκοι","ἔοικα;οἴκοι"
"οἶκον","οἶκον","οἶκος"
"οἴκῳ","οἴκῳ","οἶκος"
"οἰνοβαρές","οἰνοβαρές","οἰνοβαρής"
"οἶνον","οἶνον","οἶνον;οἶνος"
"οἰνοχόει","οἰνοχόει","οἰνοχοέω"
"ὀΐομαι","ὀΐομαι","οἴομαι"
"οἷον","οἷον","οἷος"
"οἶος","οἶος","οἶος"
"οἷς","οἷς","ὅς"
"οἶσθα","οἶσθα","οἶδα"
"ὀϊστοὶ","ὀϊστοὶ","ὀιστός"
"οἴῳ","οἴῳ","οἶος"
"ὀΐω","ὀΐω","οἴομαι"
"οἰωνοῖσί","οἰωνοῖσί","οἰωνός"
"οἰωνοπόλων","οἰωνοπόλων","οἰωνοπόλος"
"ὀλέκοντο","ὀλέκοντο","ὀλέκω"
"ὀλέσῃς","ὀλέσῃς","ὄλλυμι"
"ὀλέσσῃ","ὀλέσσῃ","ὄλλυμι"
"ὀλίγον","ὀλίγον","ὀλίγος"
"ὀλίγος","ὀλίγος","ὀλίγος"
"ὀλοιῇσι","ὀλοιῇσι","ὀλοός"
"ὀλύμπια","ὀλύμπια","ὀλύμπια"
"ὀλύμπιε","ὀλύμπιε","ὀλύμπιε"
"ὀλύμπιοι","ὀλύμπιοι","ὀλύμπιοι"
"ὀλύμπιος","ὀλύμπιος","ὀλύμπιος"
"ὄλυμπον","ὄλυμπον","ὄλυμπον"
"ὀλύμπου","ὀλύμπου","ὀλύμπου"
"ὀλύμπῳ","ὀλύμπῳ","ὀλύμπῳ"
"ὁμηγερέες","ὁμηγερέες","ὁμηγερής"
"ὀμίχλη","ὀμίχλη","ὁμίχλη"
"ὄμματ̓","ὄμματ̓","ὄμματ̓"
"ὁμοίης","ὁμοίης","ὅμοιος;ὁμόω;ὁμοῖος"
"ὁμοιωθήμεναι","ὁμοιωθήμεναι","ὁμοιόω"
"ὄμοσσον","ὄμοσσον","ὄμνυμι"
"ὁμοῦ","ὁμοῦ","ὁμός;ὁμόω;ὁμοῦ"
"ὀμοῦμαι","ὀμοῦμαι","ὄμνυμι"
"ὁμῶς","ὁμῶς","ὁμόω;ὁμῶς"
"ὅν","ὅν","ὅς"
"ὃν","ὃν","ὅς"
"ὄναρ","ὄναρ","ὄναρ"
"ὀνείδεα","ὀνείδεα","ὄνειδος"
"ὀνειδείοις","ὀνειδείοις","ὀνείδειος"
"ὀνείδισον","ὀνείδισον","ὀνειδίζω"
"ὀνειροπόλον","ὀνειροπόλον","ὀνειροπόλος"
"ὄνησα","ὄνησα","ὀνίνημι"
"ὀνόμαζε","ὀνόμαζε","ὀνομάζω"
"ὀξὺ","ὀξὺ","ὀξύς"
"ὀπὶ","ὀπὶ","ὄψ"
"ὄπιθεν","ὄπιθεν","ὄπισθεν"
"ὀπίσσω","ὀπίσσω","ὀπίσσω;ὀπίσω;ὀπίζω"
"ὁππότ̓","ὁππότ̓","ὁππότ̓"
"ὁππότε","ὁππότε","ὁπότε"
"ὅππως","ὅππως","ὅπως"
"ὅπως","ὅπως","ὅπως"
"ὁρᾶτο","ὁρᾶτο","ὁράω"
"ὀρεγνύς","ὀρεγνύς","ὀρέγνυμι"
"ὀρεσκῴοισι","ὀρεσκῴοισι","ὀρεσκῷος"
"ὄρεσσι","ὄρεσσι","ὄρος"
"ὅρκον","ὅρκον","ὅρκος"
"ὅρκος","ὅρκος","ὅρκος"
"ὅρμον","ὅρμον","ὅρμος"
"ὁρόων","ὁρόων","ὁράω"
"ὄρσε","ὄρσε","ὄρνυμι"
"ὅς","ὅς","ὅς"
"ὃς","ὃς","ὅς"
"ὅσοι","ὅσοι","ὅσος"
"ὄσσε","ὄσσε","ὄσσα"
"ὀσσόμενος","ὀσσόμενος","ὄσσομαι"
"ὅσσον","ὅσσον","ὅσος"
"ὅτ̓","ὅτ̓","ὅτ̓"
"ὅτε","ὅτε","ὅστε;ὅτε"
"ὅτι","ὅτι","ὅστις;ὅτι"
"ὀτρηρὼ","ὀτρηρὼ","ὀτρηρός"
"ὅττι","ὅττι","ὅτι"
"ὅττί","ὅττί","ὅτι"
"οὐ","οὐ","οὐ"
"οὔ","οὔ","οὐ"
"οὗ","οὗ","ἕ;ἵημι;ὅς;οὗ"
"οὐδὲν","οὐδὲν","οὐδείς"
"οὐκ","οὐκ","οὐ"
"οὐλομένην","οὐλομένην","οὐλόμενος"
"οὐλοχύτας","οὐλοχύτας","οὐλοχύται"
"οὐλύμποιο","οὐλύμποιο","οὐλύμποιο"
"οὔλυμπον","οὔλυμπον","οὔλυμπον"
"οὔλυμπόν","οὔλυμπόν","οὔλυμπόν"
"οὖν","οὖν","οὖν"
"οὕνεκ̓","οὕνεκ̓","οὕνεκ̓"
"οὕνεκα","οὕνεκα","οὕνεκα"
"οὐρανίωνες","οὐρανίωνες","οὐρανίωνες"
"οὐρανόθεν","οὐρανόθεν","οὐρανόθεν"
"οὐρανὸν","οὐρανὸν","οὐρανός"
"οὔρεά","οὔρεά","ὄρος"
"οὐρῆας","οὐρῆας","ὀρεύς;οὐρεύς"
"οὖρον","οὖρον","οὖρον;οὖρος;ς"
"οὔτέ","οὔτέ","οὔτε"
"οὐτιδανοῖσιν","οὐτιδανοῖσιν","οὐτιδανός"
"οὐτιδανὸς","οὐτιδανὸς","οὐτιδανός"
"οὕτω","οὕτω","οὕτως"
"οὕτως","οὕτως","οὕτως"
"ὄφελες","ὄφελες","ὀφείλω"
"ὄφελλεν","ὄφελλεν","ὀφέλλω"
"ὀφέλλωσίν","ὀφέλλωσίν","ὀφέλλω"
"ὀφθαλμοῖσιν","ὀφθαλμοῖσιν","ὀφθαλμός"
"ὄφῤ","ὄφῤ","ὄφῤ"
"ὄφρα","ὄφρα","ὄφρα"
"ὀφρύσι","ὀφρύσι","ὀφρύς"
"ὄχ̓","ὄχ̓","ὄχ̓"
"ὄχθησαν","ὄχθησαν","ὀχθέω"
"ὀχθήσας","ὀχθήσας","ὀχθέω"
"παῖδα","παῖδα","παῖς"
"παῖδά","παῖδά","παῖς"
"παῖδες","παῖδες","παῖς"
"παιδὸς","παιδὸς","παῖς"
"παιήονα","παιήονα","παιάν"
"παλάμῃς","παλάμῃς","παλάμη"
"παλίλλογα","παλίλλογα","παλίλλογος"
"παλιμπλαγχθέντας","παλιμπλαγχθέντας","παλιμπλάζομαι"
"πάλιν","πάλιν","πάλιν"
"παλινάγρετον","παλινάγρετον","παλινάγρετος"
"παλλάδ̓","παλλάδ̓","παλλάδ̓"
"παλλὰς","παλλὰς","παλλὰς"
"πάμπαν","πάμπαν","πάμπαν"
"πᾶν","πᾶν","πᾶς"
"πανημέριοι","πανημέριοι","πανημέριος"
"πάντ̓","πάντ̓","πάντ̓"
"πάντα","πάντα","πᾶς"
"πάντας","πάντας","πᾶς"
"πάντες","πάντες","πᾶς"
"πάντεσσι","πάντεσσι","πᾶς"
"πάντῃ","πάντῃ","πάντῃ"
"πάντων","πάντων","πᾶς"
"παῤ","παῤ","παῤ"
"πάῤ","πάῤ","πάῤ"
"παρά","παρά","παρά;πηρός"
"παρὰ","παρὰ","παρά;πηρός"
"παράφημι","παράφημι","παράφημι"
"παρέζεο","παρέζεο","παρέζομαι"
"παρέζετο","παρέζετο","παρέζομαι"
"παρείπῃ","παρείπῃ","παρεῖπον"
"παρελεύσεαι","παρελεύσεαι","παρέρχομαι"
"παρέσσεται","παρέσσεται","πάρειμι;παρίζω"
"παρήμενος","παρήμενος","παρά-ἧμαι"
"πάροιθ̓","πάροιθ̓","πάροιθ̓"
"πάρος","πάρος","πάρος"
"πάσαντο","πάσαντο","πάσσω;πατέομαι"
"πᾶσι","πᾶσι","πᾶς;πᾶσις"
"πᾶσιν","πᾶσιν","πᾶς;πᾶσις"
"πάτερ","πάτερ","πατήρ"
"πατήρ","πατήρ","πατήρ"
"πατὴρ","πατὴρ","πατήρ"
"πάτρης","πάτρης","φράτρα;πάτρα;πάτρη"
"πατρὶ","πατρὶ","πατήρ;πατρίς"
"πατρόκλεες","πατρόκλεες","πατρόκλεες"
"πάτροκλος","πάτροκλος","πάτροκλος"
"πατρὸς","πατρὸς","πατήρ"
"παῦε","παῦε","παύω"
"παύσαντο","παύσαντο","παύω"
"παύσειεν","παύσειεν","παύω"
"παύσουσα","παύσουσα","παύω"
"πείθεο","πείθεο","πείθω"
"πείθεσθαι","πείθεσθαι","πείθω"
"πείθηται","πείθηται","πείθω"
"πείθονται","πείθονται","πείθω"
"πείθοντό","πείθοντό","πείθω"
"πείρησαι","πείρησαι","πειράω"
"πειρίθοόν","πειρίθοόν","πειρίθοόν"
"πείσεις","πείσεις","πείθω;πεῖσις"
"πείσεσθαι","πείσεσθαι","πάσχω;πείθω"
"πέλασαν","πέλασαν","πελάζω"
"πέλεται","πέλεται","πέλω"
"πέμπουσιν","πέμπουσιν","πέμπω"
"πεμπώβολα","πεμπώβολα","πεμπώβολον"
"πέμψω","πέμψω","πέμπω"
"πένθος","πένθος","πένθος"
"πένοντο","πένοντο","πένομαι"
"πεπαρμένον","πεπαρμένον","πείρω"
"πεπίθοιμεν","πεπίθοιμεν","πείθω"
"πεποίθῃς","πεποίθῃς","πείθω"
"περ","περ","πέρ"
"πέρ","πέρ","πέρ"
"περὶ","περὶ","περί"
"περικαλλέος","περικαλλέος","περικαλλής"
"περικλυτὸς","περικλυτὸς","περικλυτός"
"περίσχεο","περίσχεο","περιέχω"
"περιφραδέως","περιφραδέως","περιφραδής"
"πεσόντα","πεσόντα","πίπτω"
"πέτασσαν","πέτασσαν","πετάννυμι;πετάζω"
"πηλείδη","πηλείδη","πηλείδη"
"πηλεΐδη","πηλεΐδη","πηλεΐδη"
"πηλεΐδης","πηλεΐδης","πηλεΐδης"
"πηλεΐωνα","πηλεΐωνα","πηλεΐωνα"
"πηλεΐωνι","πηλεΐωνι","πηλεΐωνι"
"πηληϊάδεω","πηληϊάδεω","πηληϊάδεω"
"πηλῆος","πηλῆος","πηλῆος"
"πίθεσθ̓","πίθεσθ̓","πίθεσθ̓"
"πίθεσθε","πίθεσθε","πείθω"
"πίθηαι","πίθηαι","πείθω"
"πίθηται","πίθηται","πείθω"
"πίμπλαντ̓","πίμπλαντ̓","πίμπλαντ̓"
"πίονα","πίονα","πίων"
"πίπτωσι","πίπτωσι","πίπτω"
"πλεῖον","πλεῖον","πλέω;πλέως;πλείων"
"πλεόνεσσι","πλεόνεσσι","πλείων"
"πλεόνεσσιν","πλεόνεσσιν","πλείων"
"πλοῦτον","πλοῦτον","πλοῦτος"
"ποδάρκης","ποδάρκης","ποδαρκής"
"πόδας","πόδας","πούς"
"ποδὸς","ποδὸς","πούς"
"ποθ̓","ποθ̓","ποθ̓"
"ποθέεσκε","ποθέεσκε","ποθέω"
"ποθὴ","ποθὴ","ποθή"
"ποθι","ποθι","ποθι"
"ποιήσαντες","ποιήσαντες","ποιέω"
"ποίησεν","ποίησεν","ποιέω"
"ποιμένα","ποιμένα","ποιμήν"
"ποῖον","ποῖον","ποῖος"
"ποιπνύοντα","ποιπνύοντα","ποιπνύω"
"πολέας","πολέας","πολύς"
"πολεμίζων","πολεμίζων","πολεμίζω"
"πόλεμοί","πόλεμοί","πόλεμος"
"πολέμοιο","πολέμοιο","πόλεμος"
"πόλεμον","πόλεμον","πόλεμος"
"πόλεμός","πόλεμός","πόλεμος"
"πολέμου","πολέμου","πόλεμος;πολεμόω"
"πολιῆς","πολιῆς","πολίζω;πολιά;πολιάζω;πολιός"
"πόλιν","πόλιν","πόλις"
"πολίων","πολίων","πόλιον;πόλις;πολέω;πολιόω"
"πολλά","πολλά","πολύς"
"πολλὰ","πολλὰ","πολύς"
"πολλάκι","πολλάκι","πολλάκις"
"πολλὰς","πολλὰς","πολύς"
"πολλοὶ","πολλοὶ","πολύς"
"πολλὸν","πολλὸν","πολύς"
"πολὺ","πολὺ","πολύς"
"πολυάϊκος","πολυάϊκος","πολυάιξ"
"πολυβενθέος","πολυβενθέος","πολυβενθής"
"πολυδειράδος","πολυδειράδος","πολυδειράς"
"πολύμητις","πολύμητις","πολύμητις"
"πολύστονα","πολύστονα","πολύστονος"
"πολύφημον","πολύφημον","πολύφημος"
"πολυφλοίσβοιο","πολυφλοίσβοιο","πολύφλοισβος"
"πόνου","πόνου","πόνος"
"πόντον","πόντον","πόντος"
"ποντοπόροιο","ποντοπόροιο","ποντόπορος;ποντοπόρος"
"πόποι","πόποι","πόποι"
"πόρε","πόρε","πόρος;πόρω"
"πορφύρεον","πορφύρεον","πορφύρεος;πορφυρέω"
"ποσειδάων","ποσειδάων","ποσειδάων"
"πόσιος","πόσιος","πόσις"
"ποτ̓","ποτ̓","ποτ̓"
"ποτε","ποτε","ποτέ"
"ποτέ","ποτέ","ποτέ;ποτός"
"ποτὶ","ποτὶ","πρός"
"πότνια","πότνια","πότνια"
"ποτοῖο","ποτοῖο","ποτάομαι;ποτέομαι;ποτόν;ποτός"
"που","που","πού"
"πραπίδεσσι","πραπίδεσσι","πραπίδες"
"πρῆξαι","πρῆξαι","πράσσω"
"πρῆσεν","πρῆσεν","πίμπρημι"
"πριάμοιο","πριάμοιο","πριάμοιο"
"πριάμοιό","πριάμοιό","πριάμοιό"
"πρίαμος","πρίαμος","πρίαμος"
"πρίν","πρίν","πρίν"
"πρὶν","πρὶν","πρίν"
"πρό","πρό","πρό"
"πρὸ","πρὸ","πρό"
"προβάλοντο","προβάλοντο","προβάλλω"
"προβέβουλα","προβέβουλα","προβέβουλα"
"προέρεσσαν","προέρεσσαν","προερέσσω"
"προέρυσσεν","προέρυσσεν","προερύω"
"πρόες","πρόες","προίημι"
"προθέουσιν","προθέουσιν","προθέω"
"προΐαψεν","προΐαψεν","προιάπτω"
"προΐει","προΐει","προίημι"
"πρόπαν","πρόπαν","πρόπας"
"πρός","πρός","πρός"
"πρὸς","πρὸς","πρός"
"προσέειπε","προσέειπε","προσεῖπον"
"προσέειπεν","προσέειπεν","προσεῖπον"
"προσέφη","προσέφη","πρόσφημι"
"προσεφώνεον","προσεφώνεον","προσφωνέω"
"προσηύδα","προσηύδα","προσαυδάω"
"πρόσθεν","πρόσθεν","πρόσθεν"
"πρόσσω","πρόσσω","πρόσσω;πρόσω"
"πρότερος","πρότερος","πρότερος"
"προτόνοισιν","προτόνοισιν","πρότονοι"
"πρόφρων","πρόφρων","πρόφρων"
"πρύμνας","πρύμνας","πρύμνα"
"πρυμνήσἰ","πρυμνήσἰ","πρυμνήσἰ"
"πρυμνήσια","πρυμνήσια","πρυμνήσιος"
"πρῶτα","πρῶτα","πρότερος;πρῶτος"
"πρώτιστα","πρώτιστα","πρώτιστος"
"πρῶτον","πρῶτον","πρότερος;πρῶτος"
"πρῶτος","πρῶτος","πρότερος;πρῶτος"
"πτερόεντα","πτερόεντα","πτερόεις"
"πτόλεμόν","πτόλεμόν","πόλεμος"
"πτολίεθρον","πτολίεθρον","πτολίεθρον"
"πυθοίατο","πυθοίατο","πύθω;πυνθάνομαι"
"πυλίων","πυλίων","πυλίων"
"πύλου","πύλου","πύλος;πυλόω"
"πύλῳ","πύλῳ","πύλος"
"πυραὶ","πυραὶ","πυρή"
"πυρὶ","πυρὶ","πῦρ"
"πω","πω","πω"
"πώ","πώ","πω"
"πωλέσκετο","πωλέσκετο","πωλέομαι;πωλέω"
"πώποτ̓","πώποτ̓","πώποτ̓"
"πως","πως","πως"
"πῶς","πῶς","πῶς;πως"
"ῥ̓","ῥ̓","ῥ̓"
"ῥα","ῥα","ἄρα"
"ῥά","ῥά","ἄρα"
"ῥέεν","ῥέεν","ῥέω"
"ῥέξαι","ῥέξαι","ῥέζω"
"ῥέξας","ῥέξας","ῥέζω"
"ῥηγμῖνι","ῥηγμῖνι","ῥηγμίν"
"ῥίγιον","ῥίγιον","ῥίγιον;ῥιγέω"
"ῥῖψε","ῥῖψε","ῥίπτω"
"ῥοδοδάκτυλος","ῥοδοδάκτυλος","ῥοδοδάκτυλος"
"σ̓","σ̓","σ̓"
"σαώσεις","σαώσεις","σαόω;σώζω"
"σαώτερος","σαώτερος","σάος;σῶς"
"σε","σε","σύ"
"σέθεν","σέθεν","σύ"
"σεο","σεο","σύ"
"σήμαιν̓","σήμαιν̓","σήμαιν̓"
"σημαίνειν","σημαίνειν","σημαίνω"
"σῇς","σῇς","σέω;σός"
"σῇσι","σῇσι","σέω;σός"
"σίντιες","σίντιες","σίντιες"
"σκαιῇ","σκαιῇ","σκαιός"
"σκηπτοῦχος","σκηπτοῦχος","σκηπτοῦχος"
"σκῆπτρον","σκῆπτρον","σκῆπτρον"
"σκήπτρῳ","σκήπτρῳ","σκῆπτρον"
"σκιόεντα","σκιόεντα","σκιόεις"
"σμινθεῦ","σμινθεῦ","σμινθεῦ"
"σοί","σοί","σεύω;σός;σύ"
"σοὶ","σοὶ","σεύω;σός;σύ"
"σοῖς","σοῖς","σέω;σός"
"σοῖσι","σοῖσι","σέω;σός"
"σὸν","σὸν","σός"
"σόοι","σόοι","σόος;σῶς"
"σπλάγχνα","σπλάγχνα","σπλάγχνον"
"στείλαντο","στείλαντο","στέλλω"
"στείρῃ","στείρῃ","στεῖρα"
"στέμμα","στέμμα","στέμμα"
"στέμματ̓","στέμματ̓","στέμματ̓"
"στενάχων","στενάχων","στενάχω"
"στῆ","στῆ","ἵστημι"
"στήθεσσιν","στήθεσσιν","στῆθος"
"στήσαντ̓","στήσαντ̓","στήσαντ̓"
"στήτην","στήτην","ἵστημι"
"στρατόν","στρατόν","στρατός"
"στρατὸν","στρατὸν","στρατός"
"στυγέῃ","στυγέῃ","στυγέω"
"στυφελίξαι","στυφελίξαι","στυφελίζω"
"σύ","σύ","σύ"
"σὺ","σὺ","σύ"
"σύμπαντας","σύμπαντας","σύμπας"
"συμπάντων","συμπάντων","σύμπας"
"συμφράσσατο","συμφράσσατο","συμφράζομαι;συμφράζω"
"σύν","σύν","σύν"
"σὺν","σὺν","σύν"
"σύνθεο","σύνθεο","συντίθημι"
"σφιν","σφιν","σφεῖς"
"σφίσιν","σφίσιν","σφεῖς"
"σφοῦ","σφοῦ","σφός"
"σφὼ","σφὼ","σφεῖς;σφός;σύ"
"σφωε","σφωε","σφεῖς"
"σφῶϊ","σφῶϊ","σφάζω;σφός;σύ"
"σφωϊν","σφωϊν","σφεῖς"
"σφῶϊν","σφῶϊν","σφεῖς;σύ"
"σφωΐτερόν","σφωΐτερόν","σφωίτερος"
"σχέθε","σχέθε","σχέθω%"
"σχίζῃς","σχίζῃς","σχίζα;σχίζω"
"σῶν","σῶν","σέω;σής;σός;σῶς"
"τ̓","τ̓","τ̓"
"τά","τά","ὁ;τίς"
"τὰ","τὰ","ὁ;τίς"
"τάδ̓","τάδ̓","τάδ̓"
"τάδε","τάδε","ὅδε"
"ταλθύβιόν","ταλθύβιόν","ταλθύβιόν"
"τἆλλα","τἆλλα","ἄλλος"
"τάνυσσαν","τάνυσσαν","τανύω"
"ταράξῃ","ταράξῃ","τάραξις;ταράσσω"
"ταρβήσαντε","ταρβήσαντε","ταρβέω"
"ταῦθ̓","ταῦθ̓","ταῦθ̓"
"ταύρων","ταύρων","ταῦρος;ταυράω"
"ταῦτ̓","ταῦτ̓","ταῦτ̓"
"ταῦτα","ταῦτα","οὗτος"
"ταῦτά","ταῦτά","οὗτος"
"τάχ̓","τάχ̓","τάχ̓"
"τε","τε","τε"
"τέ","τέ","σύ;τε"
"τέκε","τέκε","τίκτω"
"τέκμωρ","τέκμωρ","τέκμαρ"
"τέκνον","τέκνον","τέκνον"
"τέκον","τέκον","τίκτω"
"τέκος","τέκος","τέκος"
"τεκοῦσα","τεκοῦσα","τίκτω"
"τελέεσθαι","τελέεσθαι","τέλλω;τελέω"
"τελείων","τελείων","τέλειος;τελέω;τελειόω"
"τελέσσῃ","τελέσσῃ","τελέω"
"τελέσσω","τελέσσω","τελέω"
"τεληέσσας","τεληέσσας","τελήεις"
"τενέδοιό","τενέδοιό","τενέδοιό"
"τεὸν","τεὸν","τεός"
"τέρπετ̓","τέρπετ̓","τέρπετ̓"
"τερπικεραύνῳ","τερπικεραύνῳ","τερπικέραυνος"
"τεταγὼν","τεταγὼν","τεταγών"
"τετελεσμένον","τετελεσμένον","τελέω"
"τετελεσμένος","τετελεσμένος","τελέω"
"τέτλαθι","τέτλαθι","τλάω"
"τέτληκας","τέτληκας","τλάω"
"τετραπλῇ","τετραπλῇ","τετραπλῇ;τετραπλόος"
"τετύκοντό","τετύκοντό","τεύχω"
"τεῦχε","τεῦχε","τεύχω"
"τεύχει","τεύχει","τεύχω;τεῦχος"
"τῇ","τῇ","ὁ;τῇ"
"τηλόθεν","τηλόθεν","τηλόθεν"
"τηλόθι","τηλόθι","τηλόθι"
"τήν","τήν","ὁ"
"τὴν","τὴν","ὁ"
"τήνδ̓","τήνδ̓","τήνδ̓"
"τήνδε","τήνδε","ὅδε"
"τῆσδε","τῆσδε","ὅδε"
"τι","τι","τις"
"τί","τί","τίς;τις"
"τίθει","τίθει","τίθημι"
"τιμῇ","τιμῇ","τιμάω;τιμέω;τιμή"
"τιμήν","τιμήν","τιμή"
"τιμὴν","τιμὴν","τιμή"
"τιμῆς","τιμῆς","τιμάω;τιμέω;τιμή"
"τίμησας","τίμησας","τιμάω;τιμέω"
"τιμήσῃς","τιμήσῃς","τιμάω;τιμέω"
"τίμησόν","τίμησόν","τιμάω;τιμέω"
"τιμήσουσι","τιμήσουσι","τιμάω;τιμέω"
"τιν̓","τιν̓","τιν̓"
"τινα","τινα","τις"
"τίπτ̓","τίπτ̓","τίπτ̓"
"τις","τις","τις"
"τίς","τίς","τίς;τις"
"τίσειαν","τίσειαν","τίνω;τίζω"
"τῖσον","τῖσον","τίνω;τίω"
"τίσωσιν","τίσωσιν","τίνω;τίζω"
"τό","τό","ὁ"
"τὸ","τὸ","ὁ"
"τόδ̓","τόδ̓","τόδ̓"
"τόδε","τόδε","ὅδε"
"τοι","τοι","σύ;τοι"
"τοὶ","τοὶ","ὁ;σύ;τοι"
"τοῖο","τοῖο","ὁ"
"τοίους","τοίους","τοῖος"
"τοῖς","τοῖς","ὁ"
"τοῖσι","τοῖσι","ὁ;τίς"
"τοῖσιν","τοῖσιν","ὁ;τίς"
"τομὴν","τομὴν","τομή;τομός"
"τόν","τόν","ὁ"
"τὸν","τὸν","ὁ"
"τόνδ̓","τόνδ̓","τόνδ̓"
"τόξ̓","τόξ̓","τόξ̓"
"τόσσα","τόσσα","τόσος"
"τόσσον","τόσσον","τόσος"
"τότ̓","τότ̓","τότ̓"
"τότε","τότε","τότε"
"τοῦ","τοῦ","ὁ;τίς;τις"
"τοῦδ̓","τοῦδ̓","τοῦδ̓"
"τοὔνεκ̓","τοὔνεκ̓","τοὔνεκ̓"
"τοὔνεκά","τοὔνεκά","τοὔνεκα"
"τοὺς","τοὺς","ὁ"
"τοῦτ̓","τοῦτ̓","τοῦτ̓"
"τοῦτο","τοῦτο","οὗτος"
"τόφρα","τόφρα","τόφρα"
"τράφεν","τράφεν","τρέφω"
"τριπλῇ","τριπλῇ","τριπλόος"
"τρὶς","τρὶς","τρίς"
"τριτάτοισιν","τριτάτοισιν","τρίτατος"
"τροίην","τροίην","τρέω"
"τρῶες","τρῶες","τρῶες"
"τρώεσσι","τρώεσσι","τρώεσσι"
"τρώεσσιν","τρώεσσιν","τρώεσσιν"
"τρώων","τρώων","τρώων"
"τυτθὸν","τυτθὸν","τυτθός"
"τώ","τώ","ὁ;τῷ"
"τὼ","τὼ","ὁ;τῷ"
"τῷ","τῷ","ὁ;τίς;τις;τῷ"
"τῳ","τῳ","τις"
"τῶν","τῶν","ὁ"
"ὕβριν","ὕβριν","ὕβρις"
"ὕβριος","ὕβριος","ὕβρις"
"ὑγρὰ","ὑγρὰ","ὑγρός"
"υἷας","υἷας","υἱός"
"υἷες","υἷες","υἱός"
"υἱὸν","υἱὸν","υἱός"
"υἱός","υἱός","υἱός"
"υἱὸς","υἱὸς","υἱός"
"ὑμῖν","ὑμῖν","σύ"
"ὔμμες","ὔμμες","σύ"
"ὑπ̓","ὑπ̓","ὑπ̓"
"ὑπέδεισαν","ὑπέδεισαν","ὑποδείδω"
"ὑπείξομαι","ὑπείξομαι","ὑπείκω"
"ὑπελύσαο","ὑπελύσαο","ὑπολύω"
"ὑπὲρ","ὑπὲρ","ὑπέρ"
"ὑπεροπλίῃσι","ὑπεροπλίῃσι","ὑπεροπλία"
"ὕπνος","ὕπνος","ὕπνος"
"ὑπὸ","ὑπὸ","ὑπό"
"ὑποβλήδην","ὑποβλήδην","ὑποβλήδην"
"ὑπόδρα","ὑπόδρα","ὑπόδρα;ὑποδράω;ὑποδρώω"
"ὑπόσχεο","ὑπόσχεο","ὑπέχω;ὑπισχνέομαι"
"ὕστατα","ὕστατα","ὕστατος;ὕστερος"
"ὕστερον","ὕστερον","ὕστερον;ὕστερος"
"ὑφ̓","ὑφ̓","ὑφ̓"
"ὑφέντες","ὑφέντες","ὑφίημι"
"ὑψιβρεμέτης","ὑψιβρεμέτης","ὑψιβρεμέτης"
"ὑψοῦ","ὑψοῦ","ὑψόω;ὑψοῦ"
"φάανθεν","φάανθεν","φαίνω"
"φαινομένη","φαινομένη","φαίνω"
"φάνη","φάνη","φαίνω;φανάω"
"φάος","φάος","φάος"
"φαρέτρην","φαρέτρην","φαρέτρα"
"φάσγανον","φάσγανον","φάσγανον"
"φάσθαι","φάσθαι","φημί"
"φάτο","φάτο","φημί"
"φέρειν","φέρειν","φέρω"
"φέροις","φέροις","φέρω"
"φερόμην","φερόμην","φέρω"
"φέρτατός","φέρτατός","φέρτατος"
"φέρτερόν","φέρτερόν","φέρτατος"
"φέρτερός","φέρτερός","φέρτατος"
"φέρων","φέρων","φέρω"
"φεῦγε","φεῦγε","φεύγω"
"φηρσὶν","φηρσὶν","φήρ"
"φησι","φησι","φημί"
"φθίῃ","φθίῃ","φθία;φθίω;φθῖος"
"φθίην","φθίην","φθία;φθίω;φθῖος"
"φθινύθεσκε","φθινύθεσκε","φθινύθω"
"φίλα","φίλα","φίλος;φῖλος"
"φίλε","φίλε","φίλος"
"φιλέουσά","φιλέουσά","φιλέω"
"φίλη","φίλη","φίλος;φῖλος;φιλέω"
"φίλῃ","φίλῃ","φίλος;φιλέω"
"φίλην","φίλην","φίλος;φῖλος"
"φιλοκτεανώτατε","φιλοκτεανώτατε","φιλοκτέανος"
"φίλον","φίλον","φίλος"
"φίλος","φίλος","φίλος"
"φίλῳ","φίλῳ","φίλος"
"φλοιόν","φλοιόν","φλοιός"
"φοῖβος","φοῖβος","φοῖβος"
"φοίβῳ","φοίβῳ","φοῖβος"
"φορέουσι","φορέουσι","φορέω"
"φόρμιγγος","φόρμιγγος","φόρμιγξ"
"φράζεαι","φράζεαι","φράζω"
"φράσαι","φράσαι","φράζω"
"φρένα","φρένα","φρήν"
"φρένας","φρένας","φρήν"
"φρένες","φρένες","φρήν"
"φρεσὶ","φρεσὶ","φρήν"
"φρονέοντα","φρονέοντα","φρονέω"
"φρονέων","φρονέων","φρονέω"
"φύγοιμεν","φύγοιμεν","φεύγω"
"φυήν","φυήν","φυή"
"φύλλα","φύλλα","φύλλον"
"φύλλά","φύλλά","φύλλον"
"φύσει","φύσει","φύσις;φύω;φύζω;φύζωφύζω"
"φωνήσας","φωνήσας","φωνέω"
"φωνήσασ̓","φωνήσασ̓","φωνήσασ̓"
"φώνησέν","φώνησέν","φωνέω"
"χαίρετε","χαίρετε","χαίρω"
"χαίρῃς","χαίρῃς","χαίρω"
"χαίρων","χαίρων","χαίρω"
"χαῖται","χαῖται","χαίτη"
"χαλεποί","χαλεποί","χαλεπός"
"χαλκοβατὲς","χαλκοβατὲς","χαλκοβατής"
"χαλκὸς","χαλκὸς","χαλκός"
"χαλκοχιτώνων","χαλκοχιτώνων","χαλκοχίτων"
"χαρίεντ̓","χαρίεντ̓","χαρίεντ̓"
"χεῖρα","χεῖρα","χείρ"
"χεῖρας","χεῖρας","χείρ"
"χεῖρες","χεῖρες","χείρ"
"χειρί","χειρί","χείρ;χειρίς"
"χειρὶ","χειρὶ","χείρ;χειρίς"
"χειρὸς","χειρὸς","χείρ"
"χέοντος","χέοντος","χάω;χέω"
"χέουσα","χέουσα","χάω;χέω"
"χερείονα","χερείονα","χερείων"
"χερείων","χερείων","χερείων"
"χέρηϊ","χέρηϊ","χερείων"
"χερνίψαντο","χερνίψαντο","χερνίπτομαι"
"χερσὶ","χερσὶ","χείρ"
"χερσίν","χερσίν","χείρ"
"χερσὶν","χερσὶν","χείρ"
"χέων","χέων","χάω;χέω"
"χθιζὸς","χθιζὸς","χθιζός"
"χθονὶ","χθονὶ","χθών"
"χόλοιο","χόλοιο","χόλος"
"χόλον","χόλον","χόλος"
"χόλος","χόλος","χόλος"
"χολωθεὶς","χολωθεὶς","χολόομαι;χολόω"
"χολωσέμεν","χολωσέμεν","χολόω"
"χραισμεῖν","χραισμεῖν","χραισμέω"
"χραίσμῃ","χραίσμῃ","χραίσμη;χραισμέω"
"χραίσμωσιν","χραίσμωσιν","χραισμέω"
"χρειὼ","χρειὼ","χρεώ"
"χρὴ","χρὴ","χρή"
"χρυσείοις","χρυσείοις","χρύσεος;χρυσεῖον"
"χρυσέῳ","χρυσέῳ","χρύσεος"
"χρύση","χρύση","χρύση"
"χρυσηΐδα","χρυσηΐδα","χρυσηΐδα"
"χρυσηΐδος","χρυσηΐδος","χρυσηΐδος"
"χρυσηῒς","χρυσηῒς","χρυσηῒς"
"χρύσην","χρύσην","χρύσην"
"χρύσης","χρύσης","χρύσης"
"χρυσόθρονος","χρυσόθρονος","χρυσόθρονος"
"χωομένοιο","χωομένοιο","χάω;χάζομαι;χώομαι"
"χωόμενον","χωόμενον","χάω;χάζομαι;χώομαι"
"χωόμενος","χωόμενος","χάω;χάζομαι;χώομαι"
"χώσεται","χώσεται","χόω;χώομαι"
"ψαμάθοις","ψαμάθοις","ψάμαθος"
"ψυχὰς","ψυχὰς","ψυχή"
"ὤ","ὤ","ὦ"
"ὦ","ὦ","εἰμί;ὦ"
"ᾧ","ᾧ","ὅς"
"ὧδε","ὧδε","ὧδε"
"ὦκα","ὦκα","ὦκα"
"ὠκεανὸν","ὠκεανὸν","ὠκεανός"
"ὠκύμορος","ὠκύμορος","ὠκύμορος"
"ὠκυμορώτατος","ὠκυμορώτατος","ὠκύμορος"
"ὠκυπόροισι","ὠκυπόροισι","ὠκύπορος"
"ὠκὺς","ὠκὺς","ὠκύς"
"ὡμίλησα","ὡμίλησα","ὁμιλέω"
"ὠμοθέτησαν","ὠμοθέτησαν","ὠμοθετέω"
"ὤμοισιν","ὤμοισιν","ὦμος"
"ὤμων","ὤμων","ὦμος"
"ὤνησας","ὤνησας","ὀνίνημι"
"ὤπτησάν","ὤπτησάν","ὀπτάω"
"ὥρμαινε","ὥρμαινε","ὁρμαίνω"
"ὡς","ὡς","ὡς"
"ὥς","ὥς","ὅς;ὡς"
"ὣς","ὣς","ὅς;ὡς"
"ὧς","ὧς","ὡς"
"ὦσε","ὦσε","ὠθέω"
"ὦχ̓","ὦχ̓","ὦχ̓"
"ᾤχετο","ᾤχετο","οἴχομαι"
"ᾠχόμεθ̓","ᾠχόμεθ̓","ᾠχόμεθ̓"
